1,10/10/2021,0:00,OL46,"Cugenang, Kab. Cianjur",8.2,5.14,24.2,9.1,25.9,1,0.1,0,0,2.79,10.7,0,23,12.59,-500,1122,13.5
2,10/10/2021,1:00,OL46,"Cugenang, Kab. Cianjur",8.48,5.27,24.2,8.3,25.6,1,0.1,0,0,2.68,10.04,0,24,12.06,-500,1122,13.5
3,10/10/2021,2:00,OL46,"Cugenang, Kab. Cianjur",8.29,5.22,24.2,8.6,25.4,1,0.1,0,0,2.61,7.11,0,24,11.78,-500,1123,13.45
4,10/10/2021,3:00,OL46,"Cugenang, Kab. Cianjur",7.72,5.44,24.2,7.8,24.9,1,0.1,0,0,2.6,6.34,0,22,11.72,-500,1123,13.45
5,10/10/2021,4:00,OL46,"Cugenang, Kab. Cianjur",7.91,5.5,24.4,8.5,24.5,1,0.1,0,0,2.55,5.8,0,22,11.51,-500,1123,13.39
6,10/10/2021,5:00,OL46,"Cugenang, Kab. Cianjur",8.31,5.43,24.5,7.7,24.2,1,0.1,0,0,2.54,6.48,0,21,11.44,-500,1124,13.39
7,10/10/2021,6:00,OL46,"Cugenang, Kab. Cianjur",8.32,5.3,24.6,8.8,23.8,1,0.1,0,0,2.54,6.55,0,22,11.46,-500,1124,13.39
8,10/10/2021,7:00,OL46,"Cugenang, Kab. Cianjur",8.67,5.52,24.8,8.1,23.5,1,0.1,0,0,2.52,6.22,0,23,11.35,-500,1124,13.7
9,10/10/2021,8:00,OL46,"Cugenang, Kab. Cianjur",8.29,5.47,24.8,8,23.6,1,0.1,0,0,2.51,3.96,0,23,11.3,-500,1125,13.7
10,10/10/2021,9:00,OL46,"Cugenang, Kab. Cianjur",8.29,5.45,24.7,8.6,23.9,1,0.1,0,0,2.48,4.65,0,22,11.19,-500,1125,13.7
11,10/10/2021,10:00,OL46,"Cugenang, Kab. Cianjur",8.09,5.56,24.5,8.1,24.7,1,0.1,0,0,2.68,7.34,0,21,12.06,-500,1125,13.7
12,10/10/2021,11:00,OL46,"Cugenang, Kab. Cianjur",8.43,5.29,24.3,11.3,25.8,1,0.1,0,0,3.04,10.1,0,22,13.71,-500,1126,13.7
13,10/10/2021,12:00,OL46,"Cugenang, Kab. Cianjur",7.98,5.33,24.1,14.1,27.1,1,0.1,0,0,3.48,14.49,0,24,15.69,-500,1126,13.7
14,10/10/2021,13:00,OL46,"Cugenang, Kab. Cianjur",8.01,5.15,24,16.1,28.5,1,0.1,0,0,4.06,18.47,0,20,18.31,-500,1126,13.7
15,10/10/2021,14:00,OL46,"Cugenang, Kab. Cianjur",8.17,5.28,23.9,22.1,29.2,1,0.1,0,0,4.88,32.2,0,23,22.01,-500,1127,13.7
16,10/10/2021,15:00,OL46,"Cugenang, Kab. Cianjur",8.14,4.92,23.8,20.3,29.8,1,0.1,0,0,4.64,29.13,0,22,20.9,-500,1127,13.7
17,10/10/2021,16:00,OL46,"Cugenang, Kab. Cianjur",8.02,5,24,16,30,1,0.1,0,0,3.6,19.76,0,21,16.2,-500,1127,13.7
18,10/10/2021,17:00,OL46,"Cugenang, Kab. Cianjur",8,4.78,24.1,11.9,29.5,1,0.1,0,0,3.17,14.53,0,21,14.28,-500,1128,13.7
19,10/10/2021,18:00,OL46,"Cugenang, Kab. Cianjur",7.94,4.82,24.1,10.6,28.7,1,0.1,0,0,3.06,12.94,0,21,13.8,-500,1128,13.65
20,10/10/2021,19:00,OL46,"Cugenang, Kab. Cianjur",8.01,4.85,24.3,9.8,28,1,0.1,0,0,3,13.15,0,20,13.54,-500,1128,13.6
21,10/10/2021,20:00,OL46,"Cugenang, Kab. Cianjur",8.33,4.81,24.4,9.5,27.5,1,0.1,0,0,2.89,11.07,0,23,13.02,-500,1129,13.6
22,10/10/2021,21:00,OL46,"Cugenang, Kab. Cianjur",7.93,4.88,24.5,8.2,27,1,0.1,0,0,2.74,9.93,0,23,12.33,-500,1129,13.55
23,10/10/2021,22:00,OL46,"Cugenang, Kab. Cianjur",8.01,5.12,24.5,7.7,26.7,1,0.1,0,0,2.57,7.44,0,23,11.58,-500,1129,13.55
24,10/10/2021,23:00,OL46,"Cugenang, Kab. Cianjur",8.13,5.09,24.5,7.5,26.3,1,0.1,0,0,2.49,6.13,0,24,11.23,-500,1130,13.55
25,10/11/2021,0:00,OL46,"Cugenang, Kab. Cianjur",8.14,5.05,24.5,7.7,26,1,0.1,0,0,2.41,6.76,0,23,10.87,-500,1130,13.5
26,10/11/2021,1:00,OL46,"Cugenang, Kab. Cianjur",7.81,5.18,24.6,7.5,25.6,1,0.1,0,0,2.39,5.36,0,23,10.77,-500,1130,13.5
27,10/11/2021,2:00,OL46,"Cugenang, Kab. Cianjur",7.83,5.32,24.6,7.4,25.3,1,0.1,0,0,2.38,6.18,0,23,10.71,-500,1131,13.45
28,10/11/2021,3:00,OL46,"Cugenang, Kab. Cianjur",7.77,5.5,24.5,7.2,24.9,1,0.1,0,0,2.35,4.32,0,20,10.58,-500,1131,13.45
29,10/11/2021,4:00,OL46,"Cugenang, Kab. Cianjur",8.42,5.19,24.6,7.2,24.6,1,0.1,0,0,2.29,3.26,0,22,10.3,-500,1131,13.39
30,10/11/2021,5:00,OL46,"Cugenang, Kab. Cianjur",8.41,5.55,24.7,6.8,24.2,1,0.1,0,0,2.24,2.6,0,19,10.09,-500,1132,13.39
31,10/11/2021,6:00,OL46,"Cugenang, Kab. Cianjur",8.24,5.55,24.8,6.6,23.9,1,0.1,0,0,2.22,1.6,0,21,9.99,-500,1132,13.5
32,10/11/2021,7:00,OL46,"Cugenang, Kab. Cianjur",7.94,5.06,24.8,6.8,23.7,1,0.1,0,0,2.17,1.61,0,23,9.78,-500,1132,13.7
33,10/11/2021,8:00,OL46,"Cugenang, Kab. Cianjur",8.19,5.05,24.8,7.3,23.9,1,0.1,0,0,2.15,1.85,0,23,9.67,-500,1133,13.7
34,10/11/2021,9:00,OL46,"Cugenang, Kab. Cianjur",8.27,5.1,24.7,7.4,24.4,1,0.1,0,0,2.15,3.13,0,19,9.67,-500,1133,13.7
35,10/11/2021,10:00,OL46,"Cugenang, Kab. Cianjur",8.27,4.38,24.3,8.5,25.3,1,0.1,0,0,2.39,8.2,0,23,10.78,-500,1133,13.7
36,10/11/2021,11:00,OL46,"Cugenang, Kab. Cianjur",7.96,6.59,0,9,25.6,0,0,0,0.01,0.13,98.03,0,18,0.57,-500,1134,13.7
37,10/11/2021,12:00,OL46,"Cugenang, Kab. Cianjur",8.26,6.34,0,10,27.3,0,0,0,0.01,0.2,70.09,0,22,0.92,-500,1134,13.7
38,10/11/2021,13:00,OL46,"Cugenang, Kab. Cianjur",8.48,5.61,24,9.8,28.8,1,0.1,0,0,2.68,13.65,0,21,12.09,-500,1134,13.7
39,10/11/2021,14:00,OL46,"Cugenang, Kab. Cianjur",8.74,5.6,24,13.7,28.8,1,0.1,0,0,2.61,13.5,0,18,11.75,-500,1135,13.7
40,10/11/2021,15:00,OL46,"Cugenang, Kab. Cianjur",8.47,5.87,21.7,60.9,27,1,0.1,0,0,9.9,100.04,0,19,44.24,-500,1135,13.7
41,10/11/2021,16:00,OL46,"Cugenang, Kab. Cianjur",8.22,5.72,20.8,58,26.5,1,0.1,0,0,10.3,94.44,0,17,45.93,-500,1135,13.7
42,10/11/2021,17:00,OL46,"Cugenang, Kab. Cianjur",7.97,5.23,20.7,46.6,26.7,1,0.1,0,0,9.65,75.82,0,23,43.2,-500,1136,13.7
43,10/11/2021,18:00,OL46,"Cugenang, Kab. Cianjur",7.96,5.36,20.6,45.5,26.8,1,0.1,0,0,9.44,68.6,0,21,42.3,-500,1136,13.65
44,10/11/2021,19:00,OL46,"Cugenang, Kab. Cianjur",7.93,5.17,20.9,44.4,26.7,1,0.1,0,0,9.15,60.73,0,23,41.1,-500,1136,13.6
45,10/11/2021,20:00,OL46,"Cugenang, Kab. Cianjur",8.05,5.05,21.1,44,26.5,1,0.1,0,0,9.01,56.72,0,23,40.53,-500,1137,13.6
46,10/11/2021,21:00,OL46,"Cugenang, Kab. Cianjur",7.98,4.86,21.2,43.9,26.2,1,0.1,0,0,8.91,56.19,0,21,40.09,-500,1137,13.55
47,10/11/2021,22:00,OL46,"Cugenang, Kab. Cianjur",7.71,4.82,21.2,42.4,26,1,0.1,0,0,8.79,50.14,0,23,39.59,-500,1137,13.55
48,10/11/2021,23:00,OL46,"Cugenang, Kab. Cianjur",7.99,5.37,21.8,37.8,25.5,1,0.1,0,0,7.45,43.97,0,23,33.56,-500,1138,13.5
49,10/12/2021,0:00,OL46,"Cugenang, Kab. Cianjur",8.01,5.35,22.7,32.9,25.3,1,0.1,0,0,7,38.76,0,22,31.53,-500,1138,13.5
50,10/12/2021,1:00,OL46,"Cugenang, Kab. Cianjur",7.79,5.04,23,29.2,25.1,1,0.1,0,0,6.62,34.93,0,23,29.83,-500,1138,13.45
51,10/12/2021,2:00,OL46,"Cugenang, Kab. Cianjur",7.88,4.99,23,29,24.8,1,0.1,0,0,6.32,31.12,0,22,28.46,-500,1139,13.45
52,10/12/2021,3:00,OL46,"Cugenang, Kab. Cianjur",8.01,5.31,23.7,22.2,24,1,0.1,0,0,4.88,20.79,0,23,22,-500,1139,13.39
53,10/12/2021,4:00,OL46,"Cugenang, Kab. Cianjur",7.95,5.46,23.9,19.5,23.8,1,0.1,0,0,4.39,17.04,0,24,19.81,-500,1139,13.39
54,10/12/2021,5:00,OL46,"Cugenang, Kab. Cianjur",7.67,5.42,24,17.6,23.7,1,0.1,0,0,4.46,14.96,0,24,20.1,-500,1140,13.39
55,10/12/2021,6:00,OL46,"Cugenang, Kab. Cianjur",7.83,5.65,24.3,15.3,23.1,1,0.1,0,0,2.92,6.98,0,23,13.18,-500,1140,13.39
56,10/12/2021,7:00,OL46,"Cugenang, Kab. Cianjur",7.93,5.62,24.6,13.6,22.8,1,0.1,0,0,2.96,5.79,0,24,13.35,-500,1140,13.65
57,10/12/2021,8:00,OL46,"Cugenang, Kab. Cianjur",8.21,5.93,24.8,9.2,22.8,1,0.1,0,0,2.69,4.06,0,23,12.13,-500,1141,13.7
58,10/12/2021,9:00,OL46,"Cugenang, Kab. Cianjur",8.21,5.84,24.9,7.8,23,1,0.1,0,0,2.53,1.94,0,23,11.39,-500,1141,13.7
59,10/12/2021,10:00,OL46,"Cugenang, Kab. Cianjur",7.93,5.31,24.6,8.8,23.8,1,0.1,0,0,2.52,4.15,0,24,11.37,-500,1141,13.7
60,10/12/2021,11:00,OL46,"Cugenang, Kab. Cianjur",8.03,5.13,24.4,10.3,24.9,1,0.1,0,0,2.56,6.76,0,23,11.55,-500,1142,13.7
61,10/12/2021,12:00,OL46,"Cugenang, Kab. Cianjur",8.12,4.92,24.3,10.2,26.3,1,0.1,0,0,2.59,9.43,0,22,11.68,-500,1142,13.7
62,10/12/2021,13:00,OL46,"Cugenang, Kab. Cianjur",7.84,4.76,24.1,12.4,27.8,1,0.1,0,0,2.67,13.2,0,21,12.03,-500,1142,13.7
63,10/12/2021,14:00,OL46,"Cugenang, Kab. Cianjur",8.12,4.54,24.1,13.2,29.2,1,0.1,0,0,2.82,18.09,0,23,12.7,-500,1143,13.7
64,10/12/2021,15:00,OL46,"Cugenang, Kab. Cianjur",7.86,4.27,24.2,12.8,30,1,0.1,0,0,3.01,22.64,0,19,13.55,-500,1143,13.7
65,10/12/2021,16:00,OL46,"Cugenang, Kab. Cianjur",8.08,5.12,24.2,18.1,29.7,1,0.1,0,0,3.15,20.67,0,23,14.19,-500,1143,13.7
66,10/12/2021,17:00,OL46,"Cugenang, Kab. Cianjur",8.43,5.1,24.2,14.4,29.5,1,0.1,0,0,3.06,17.93,0,20,13.77,-500,1144,13.7
67,10/12/2021,18:00,OL46,"Cugenang, Kab. Cianjur",7.84,5.19,24.3,12.9,28.3,1,0.1,0,0,2.82,11.84,0,14,12.72,-500,1144,13.65
68,10/12/2021,19:00,OL46,"Cugenang, Kab. Cianjur",8.11,5.07,23.7,21.4,27.3,1,0.1,0,0,3.65,19.98,0,20,16.46,-500,1144,13.6
69,10/12/2021,20:00,OL46,"Cugenang, Kab. Cianjur",8.54,4.96,22.7,27.1,26.7,1,0.1,0,0,5.74,40.84,0,18,25.88,-500,1145,13.6
70,10/12/2021,21:00,OL46,"Cugenang, Kab. Cianjur",7.66,5.03,22.1,32.4,26.3,1,0.1,0,0,6.69,48.49,0,23,30.13,-500,1145,13.55
71,10/12/2021,22:00,OL46,"Cugenang, Kab. Cianjur",8.15,5,21.8,30,26,1,0.1,0,0,7.26,48.57,0,24,32.7,-500,1145,13.55
72,10/12/2021,23:00,OL46,"Cugenang, Kab. Cianjur",8.64,5.03,22,27.7,25.7,1,0.1,0,0,6.37,40.51,0,22,28.7,-500,1146,13.5
73,10/13/2021,0:00,OL46,"Cugenang, Kab. Cianjur",8.64,5.02,22.6,21.3,25.4,1,0.1,0,0,5.11,28.49,0,22,23.04,-500,1146,13.5
74,10/13/2021,1:00,OL46,"Cugenang, Kab. Cianjur",8.2,5.23,23.3,16.6,25.1,1,0.1,0,0,4.15,19.74,0,22,18.69,-500,1146,13.45
75,10/13/2021,2:00,OL46,"Cugenang, Kab. Cianjur",7.82,5.39,23.5,12.8,24.9,1,0.1,0,0,3.59,14.03,0,20,16.15,-500,1147,13.45
76,10/13/2021,3:00,OL46,"Cugenang, Kab. Cianjur",7.92,5.34,23.9,10.7,24.6,1,0.1,0,0,3.17,9.79,0,21,14.27,-500,1147,13.39
77,10/13/2021,4:00,OL46,"Cugenang, Kab. Cianjur",8.16,5.45,24.1,9.4,24.4,1,0.1,0,0,2.86,6.5,0,19,12.89,-500,1147,13.39
78,10/13/2021,5:00,OL46,"Cugenang, Kab. Cianjur",7.99,5.48,24.4,8.8,24.1,1,0.1,0,0,2.61,5.16,0,20,11.75,-500,1148,13.34
79,10/13/2021,6:00,OL46,"Cugenang, Kab. Cianjur",7.77,5.65,24.5,7.8,23.9,1,0.1,0,0,2.41,2.73,0,24,10.85,-500,1148,13.39
80,10/13/2021,7:00,OL46,"Cugenang, Kab. Cianjur",8.38,5.6,24.6,7.5,23.7,1,0.1,0,0,2.29,1.62,0,24,10.34,-500,1148,13.7
81,10/13/2021,8:00,OL46,"Cugenang, Kab. Cianjur",8.21,5.4,24.6,6.8,23.8,1,0.1,0,0,2.22,1.24,0,25,10,-500,1149,13.7
82,10/13/2021,9:00,OL46,"Cugenang, Kab. Cianjur",8.1,5.21,24.6,7.5,24.1,1,0.1,0,0,2.2,3.7,0,22,9.9,-500,1149,13.7
83,10/13/2021,10:00,OL46,"Cugenang, Kab. Cianjur",8.14,5.25,24.5,7.5,24.8,1,0.1,0,0,2.09,2.84,0,23,9.42,-500,1149,13.7
84,10/13/2021,11:00,OL46,"Cugenang, Kab. Cianjur",8.23,5.22,24.3,7,25.6,1,0.1,0,0,2.19,3.02,0,23,9.88,-500,1150,13.7
85,10/13/2021,12:00,OL46,"Cugenang, Kab. Cianjur",8.16,5.06,24.1,8.9,26.4,1,0.1,0,0,2.44,8.08,0,22,11,-500,1150,13.7
86,10/13/2021,13:00,OL46,"Cugenang, Kab. Cianjur",8.15,4.88,24.1,9.9,26.9,1,0.1,0,0,2.56,10.65,0,22,11.51,-500,1150,13.7
87,10/13/2021,14:00,OL46,"Cugenang, Kab. Cianjur",8.01,4.83,24.2,9.2,27.4,1,0.1,0,0,2.49,8.93,0,21,11.22,-500,1151,13.7
88,10/13/2021,15:00,OL46,"Cugenang, Kab. Cianjur",7.96,4.78,24.1,7.9,28,1,0.1,0,0,2.39,8.07,0,21,10.78,-500,1151,13.7
89,10/13/2021,16:00,OL46,"Cugenang, Kab. Cianjur",7.77,4.86,24.1,6.9,28.2,1,0.1,0,0,2.19,6.88,0,24,9.88,-500,1151,13.7
90,10/13/2021,17:00,OL46,"Cugenang, Kab. Cianjur",7.99,4.79,24.5,6.7,28,1,0.1,0,0,2.16,6.62,0,24,9.74,-500,1152,13.7
91,10/13/2021,18:00,OL46,"Cugenang, Kab. Cianjur",7.98,4.65,24.3,6.7,27.7,1,0.1,0,0,2.17,4.77,0,25,9.8,-500,1152,13.65
92,10/13/2021,19:00,OL46,"Cugenang, Kab. Cianjur",8.21,4.69,24.2,7.2,27.1,1,0.1,0,0,2.21,5.07,0,25,9.96,-500,1152,13.6
93,10/13/2021,20:00,OL46,"Cugenang, Kab. Cianjur",8.17,4.93,24.4,7.3,26.6,1,0.1,0,0,2.24,5.12,0,26,10.09,-500,1153,13.6
94,10/13/2021,21:00,OL46,"Cugenang, Kab. Cianjur",8.22,4.85,24.3,6.4,26.4,1,0.1,0,0,2.14,3.9,0,25,9.64,-500,1153,13.6
95,10/13/2021,22:00,OL46,"Cugenang, Kab. Cianjur",8.29,4.88,24.5,6.6,26.1,1,0.1,0,0,2.12,2.27,0,25,9.54,-500,1153,13.55
96,10/13/2021,23:00,OL46,"Cugenang, Kab. Cianjur",8.42,4.87,24.5,6.3,25.8,1,0.1,0,0,2.03,1.18,0,25,9.13,-500,1154,13.5
97,10/14/2021,0:00,OL46,"Cugenang, Kab. Cianjur",8.3,5.04,24.5,6.3,25.5,1,0.1,0,0,1.97,1.68,0,24,8.87,-500,1154,13.5
98,10/14/2021,1:00,OL46,"Cugenang, Kab. Cianjur",8.44,5.08,24.5,6.2,25.2,1,0.1,0,0,1.97,0.5,0,24,8.87,-500,1154,13.5
99,10/14/2021,2:00,OL46,"Cugenang, Kab. Cianjur",8.32,5.18,24.6,5.9,24.9,1,0.1,0,0,1.99,0.55,0,25,8.97,-500,1155,13.45
100,10/14/2021,3:00,OL46,"Cugenang, Kab. Cianjur",8.04,5.22,24.6,6.3,24.6,1,0.1,0,0,1.98,0.63,0,25,8.94,-500,1155,13.45
101,10/14/2021,4:00,OL46,"Cugenang, Kab. Cianjur",7.92,5.32,24.8,6.5,24.2,1,0.1,0,0,1.95,0.67,0,25,8.79,-500,1155,13.39
102,10/14/2021,5:00,OL46,"Cugenang, Kab. Cianjur",8.03,5.37,24.8,6.3,23.9,1,0.1,0,0,1.93,0,0,24,8.68,-500,1156,13.39
103,10/14/2021,6:00,OL46,"Cugenang, Kab. Cianjur",8.08,5.47,24.8,6.3,23.7,1,0.1,0,0,1.86,0,0,25,8.37,-500,1156,13.45
104,10/14/2021,7:00,OL46,"Cugenang, Kab. Cianjur",8.25,5.67,24.9,6,23.5,1,0.1,0,0,1.83,0,0,24,8.27,-500,1156,13.7
105,10/14/2021,8:00,OL46,"Cugenang, Kab. Cianjur",8.18,5.53,25,6,23.5,1,0.2,0,0,1.81,0,0,21,8.16,-500,1157,13.7
106,10/14/2021,9:00,OL46,"Cugenang, Kab. Cianjur",8.27,5.45,24.9,6.9,23.9,1,0.1,0,0,1.9,0,0,23,8.54,-500,1157,13.7
107,10/14/2021,10:00,OL46,"Cugenang, Kab. Cianjur",8.34,5.37,24.5,6.6,24.7,1,0.1,0,0,2.01,0.92,0,23,9.07,-500,1157,13.7
108,10/14/2021,11:00,OL46,"Cugenang, Kab. Cianjur",8.2,5.12,24.4,6.3,25.7,1,0.1,0,0,2.04,1.76,0,23,9.19,-500,1158,13.7
109,10/14/2021,12:00,OL46,"Cugenang, Kab. Cianjur",8.27,4.92,24.1,6.7,27,1,0.1,0,0,1.99,4.13,0,22,8.95,-500,1158,13.7
110,10/14/2021,13:00,OL46,"Cugenang, Kab. Cianjur",8.22,4.72,23.9,7.3,28.2,1,0.1,0,0,2.04,5.56,0,17,9.19,-500,1158,13.7
111,10/14/2021,14:00,OL46,"Cugenang, Kab. Cianjur",8.35,4.32,23.9,6.5,29.2,1,0.1,0,0,2.04,7.29,0,18,9.21,-500,1159,13.7
112,10/14/2021,15:00,OL46,"Cugenang, Kab. Cianjur",8.26,4,23.9,7.3,29.9,1,0.1,0,0,2,5.63,0,22,9,-500,1159,13.7
113,10/14/2021,16:00,OL46,"Cugenang, Kab. Cianjur",7.98,4.76,24,10.1,29.7,1,0.1,0,0,2.07,8.94,0,23,9.31,-500,1159,13.7
114,10/14/2021,17:00,OL46,"Cugenang, Kab. Cianjur",8.46,4.68,24.3,7.2,29.2,1,0.1,0,0,2.12,7.57,0,20,9.57,-500,1160,13.7
115,10/14/2021,18:00,OL46,"Cugenang, Kab. Cianjur",8.31,4.4,24.3,7,28.6,1,0.1,0,0,2.09,5.13,0,21,9.42,-500,1160,13.7
116,10/14/2021,19:00,OL46,"Cugenang, Kab. Cianjur",8.11,4.54,24.4,6.5,28,1,0.1,0,0,2.14,5.11,0,21,9.62,-500,1160,13.65
117,10/14/2021,20:00,OL46,"Cugenang, Kab. Cianjur",8.29,4.64,24.5,6.5,27.5,1,0.1,0,0,2.08,2.99,0,21,9.38,-500,1161,13.6
118,10/14/2021,21:00,OL46,"Cugenang, Kab. Cianjur",8.01,4.63,24.5,6.3,27,1,0.1,0,0,2.07,4.75,0,23,9.32,-500,1161,13.6
119,10/14/2021,22:00,OL46,"Cugenang, Kab. Cianjur",8.25,4.65,24.5,6.9,26.6,1,0.1,0,0,2.06,3.42,0,23,9.26,-500,1161,13.55
120,10/14/2021,23:00,OL46,"Cugenang, Kab. Cianjur",8.12,4.57,24.5,7.1,26.2,1,0.1,0,0,2.02,2.21,0,23,9.12,-500,1162,13.55
121,10/15/2021,0:00,OL46,"Cugenang, Kab. Cianjur",8.24,4.71,24.6,6.9,25.9,1,0.1,0,0,1.98,1.06,0,24,8.92,-500,1162,13.5
122,10/15/2021,1:00,OL46,"Cugenang, Kab. Cianjur",8.18,4.58,24.6,6.3,25.8,1,0.1,0,0,1.91,0,0,22,8.63,-500,1162,13.5
123,10/15/2021,2:00,OL46,"Cugenang, Kab. Cianjur",7.92,4.88,24.7,6.3,25.5,1,0.1,0,0,2,0.99,0,23,9,-500,1163,13.45
124,10/15/2021,3:00,OL46,"Cugenang, Kab. Cianjur",8.07,5.05,24.7,6.8,25.2,1,0.1,0,0,2.08,1.73,0,23,9.36,-500,1163,13.45
125,10/15/2021,4:00,OL46,"Cugenang, Kab. Cianjur",7.83,5.05,24.8,6.9,24.8,1,0.1,0,0,2.05,0.8,0,23,9.26,-500,1163,13.39
126,10/15/2021,5:00,OL46,"Cugenang, Kab. Cianjur",8.09,5.15,24.8,6.9,24.6,1,0.1,0,0,2,0,0,24,9.03,-500,1164,13.39
127,10/15/2021,6:00,OL46,"Cugenang, Kab. Cianjur",8.31,5.27,24.8,6.8,24.3,1,0.1,0,0,2,0,0,23,9.02,-500,1164,13.45
128,10/15/2021,7:00,OL46,"Cugenang, Kab. Cianjur",8.45,5.33,24.9,6.5,24.1,1,0.1,0,0,1.94,0,0,23,8.76,-500,1164,13.7
129,10/15/2021,8:00,OL46,"Cugenang, Kab. Cianjur",8.09,5.3,25,6.5,24.1,1,0.2,0,0,1.95,0.29,0,23,8.79,-500,1165,13.7
130,10/15/2021,9:00,OL46,"Cugenang, Kab. Cianjur",8.3,5.02,25,6.3,24.5,1,0.2,0,0,1.79,0,0,20,8.08,-500,1165,13.7
131,10/15/2021,10:00,OL46,"Cugenang, Kab. Cianjur",8.2,5.23,24.7,6.6,25.2,1,0.1,0,0,1.75,0,0,24,7.86,-500,1165,13.7
132,10/15/2021,11:00,OL46,"Cugenang, Kab. Cianjur",7.65,6.33,0,8.9,26.5,0,0,0,0.01,0,74.15,0,22,0,-500,1166,13.7
133,10/15/2021,12:00,OL46,"Cugenang, Kab. Cianjur",8.54,5.5,23.9,7,27.6,1,0.1,0,0,1.9,3.94,0,22,8.54,-500,1166,13.7
134,10/15/2021,13:00,OL46,"Cugenang, Kab. Cianjur",8.57,5.53,24.2,6.3,28.3,1,0.1,0,0,1.84,4.8,0,20,8.29,-500,1166,13.7
135,10/15/2021,14:00,OL46,"Cugenang, Kab. Cianjur",8.23,5.25,23.9,6.3,29.3,1,0.1,0,0,1.81,4.78,0,21,8.14,-500,1167,13.7
136,10/15/2021,15:00,OL46,"Cugenang, Kab. Cianjur",8.31,5.21,23.9,6.1,30,1,0.1,0,0,1.84,6.27,0,22,8.28,-500,1167,13.7
137,10/15/2021,16:00,OL46,"Cugenang, Kab. Cianjur",8.06,4.99,23.9,6,30.4,1,0.1,0,0,1.82,5.32,0,21,8.21,-500,1167,13.7
138,10/15/2021,17:00,OL46,"Cugenang, Kab. Cianjur",8.43,4.94,24,7.3,30.1,1,0.1,0,0,1.85,4.45,0,22,8.32,-500,1168,13.7
139,10/15/2021,18:00,OL46,"Cugenang, Kab. Cianjur",8.19,4.99,24,6.4,29.4,1,0.1,0,0,1.85,4.61,0,21,8.32,-500,1168,13.65
140,10/15/2021,19:00,OL46,"Cugenang, Kab. Cianjur",8.43,5.21,24.3,5.7,28.6,1,0.1,0,0,1.86,2.78,0,23,8.39,-500,1168,13.65
141,10/15/2021,20:00,OL46,"Cugenang, Kab. Cianjur",8.18,5.33,24.5,6.5,27.9,1,0.1,0,0,1.91,2.82,0,21,8.61,-500,1169,13.6
142,10/15/2021,21:00,OL46,"Cugenang, Kab. Cianjur",8.18,5.3,24.5,6.4,27.4,1,0.1,0,0,1.9,1.97,0,22,8.55,-500,1169,13.55
143,10/15/2021,22:00,OL46,"Cugenang, Kab. Cianjur",7.91,5.17,24.5,6.5,27.1,1,0.1,0,0,1.87,0.26,0,23,8.43,-500,1169,13.55
144,10/15/2021,23:00,OL46,"Cugenang, Kab. Cianjur",8.28,5.38,24.6,6.3,26.7,1,0.1,0,0,1.83,0,0,22,8.26,-500,1170,13.55
145,10/16/2021,0:00,OL46,"Cugenang, Kab. Cianjur",8,5.52,24.7,6,26.3,1,0.1,0,0,1.76,0,0,23,7.92,-500,1170,13.5
146,10/16/2021,1:00,OL46,"Cugenang, Kab. Cianjur",7.91,5.6,24.6,6.3,26,1,0.1,0,0,1.71,0,0,24,7.72,-500,1170,13.5
147,10/16/2021,2:00,OL46,"Cugenang, Kab. Cianjur",7.77,5.61,24.7,6.3,25.6,1,0.1,0,0,1.73,0,0,22,7.81,-500,1171,13.45
148,10/16/2021,3:00,OL46,"Cugenang, Kab. Cianjur",7.9,5.62,24.9,6.1,25.3,1,0.1,0,0,1.73,0,0,24,7.8,-500,1171,13.45
149,10/16/2021,4:00,OL46,"Cugenang, Kab. Cianjur",7.97,5.67,24.8,6.3,25,1,0.1,0,0,1.68,0,0,22,7.57,-500,1171,13.39
150,10/16/2021,5:00,OL46,"Cugenang, Kab. Cianjur",7.98,5.64,25,6.6,24.7,1,0.2,0,0,1.6,0,0,23,7.2,-500,1172,13.39
151,10/16/2021,6:00,OL46,"Cugenang, Kab. Cianjur",7.84,5.64,25,5.7,24.5,1,0.2,0,0,1.52,0,0,24,6.86,-500,1172,13.45
152,10/16/2021,7:00,OL46,"Cugenang, Kab. Cianjur",8,5.64,25.1,6.1,24.3,1,0.2,0,0,1.48,0,0,20,6.69,-500,1172,13.7
153,10/16/2021,8:00,OL46,"Cugenang, Kab. Cianjur",7.91,5.55,25.1,6.1,24.3,1,0.2,0,0,1.51,0,0,22,6.8,-500,1173,13.7
154,10/16/2021,9:00,OL46,"Cugenang, Kab. Cianjur",8.13,5.37,25.1,6.2,24.6,1,0.2,0,0,1.54,0,0,20,6.93,-500,1173,13.7
155,10/16/2021,10:00,OL46,"Cugenang, Kab. Cianjur",8.26,5.48,24.9,6.3,25.3,1,0.1,0,0,1.58,0,0,21,7.11,-500,1173,13.7
156,10/16/2021,11:00,OL46,"Cugenang, Kab. Cianjur",8.02,5.38,24.4,6,26.2,1,0.1,0,0,1.6,0,0,21,7.2,-500,1174,13.7
157,10/16/2021,12:00,OL46,"Cugenang, Kab. Cianjur",8.01,5.27,24,5.7,27.5,1,0.1,0,0,1.63,0.94,0,21,7.35,-500,1174,13.7
158,10/16/2021,13:00,OL46,"Cugenang, Kab. Cianjur",8.22,5.11,23.8,7,28.9,1,0.1,0,0,1.62,2.23,0,23,7.3,-500,1174,13.7
159,10/16/2021,14:00,OL46,"Cugenang, Kab. Cianjur",8.31,4.95,23.7,6,30,1,0.1,0,0,1.76,4.95,0,22,7.94,-500,1175,13.7
160,10/16/2021,15:00,OL46,"Cugenang, Kab. Cianjur",8.27,2.52,23.9,9.5,30.6,1,0.1,0,0,5.19,52.59,0,21,23.39,-500,1175,13.7
161,10/16/2021,16:00,OL46,"Cugenang, Kab. Cianjur",8.24,4.18,23.4,55.7,31,1,0.1,0,0,8.99,97.69,0,22,40.45,-500,1175,13.7
162,10/16/2021,17:00,OL46,"Cugenang, Kab. Cianjur",8.37,4.99,23.5,45.2,30.6,1,0.1,0,0,8.08,75.73,0,22,36.41,-500,1176,13.7
163,10/16/2021,18:00,OL46,"Cugenang, Kab. Cianjur",8.31,4.42,23.7,26,30.1,1,0.1,0,0,5.29,40.63,0,22,23.82,-500,1176,13.7
164,10/16/2021,19:00,OL46,"Cugenang, Kab. Cianjur",8.1,4.53,24,15.3,29.4,1,0.1,0,0,3.44,18.86,0,22,15.51,-500,1176,13.65
165,10/16/2021,20:00,OL46,"Cugenang, Kab. Cianjur",7.88,4.52,24.2,10,28.6,1,0.1,0,0,2.69,10.01,0,24,12.14,-500,1177,13.6
166,10/16/2021,21:00,OL46,"Cugenang, Kab. Cianjur",7.46,4.95,24.5,7.1,27.7,1,0.1,0,0,2.19,4.77,0,23,9.88,-500,1177,13.6
167,10/16/2021,22:00,OL46,"Cugenang, Kab. Cianjur",7.66,4.8,24.7,7,27.1,1,0.1,0,0,2.08,3.2,0,23,9.38,-500,1177,13.55
168,10/16/2021,23:00,OL46,"Cugenang, Kab. Cianjur",7.82,4.63,24.8,6.7,26.7,1,0.1,0,0,2,1.04,0,23,9,-500,1178,13.55
169,10/17/2021,0:00,OL46,"Cugenang, Kab. Cianjur",7.62,4.94,24.7,6.8,26.3,1,0.1,0,0,1.88,0,0,24,8.46,-500,1178,13.5
170,10/17/2021,1:00,OL46,"Cugenang, Kab. Cianjur",7.83,5.16,24.8,6.6,26,1,0.1,0,0,1.73,0,0,24,7.78,-500,1178,13.5
171,10/17/2021,2:00,OL46,"Cugenang, Kab. Cianjur",7.82,5.24,24.6,6.5,25.8,1,0.1,0,0,1.69,0,0,24,7.6,-500,1179,13.45
172,10/17/2021,3:00,OL46,"Cugenang, Kab. Cianjur",7.62,5.34,24.8,7.1,25.5,1,0.1,0,0,1.67,0,0,24,7.53,-500,1179,13.45
173,10/17/2021,4:00,OL46,"Cugenang, Kab. Cianjur",8.28,5.34,24.8,6.7,25.3,1,0.1,0,0,1.63,0,0,24,7.33,-500,1179,13.39
174,10/17/2021,5:00,OL46,"Cugenang, Kab. Cianjur",7.67,5.42,24.8,6.8,25,1,0.1,0,0,1.63,0,0,24,7.34,-500,1180,13.39
175,10/17/2021,6:00,OL46,"Cugenang, Kab. Cianjur",8.71,5.43,24.9,5.7,24.8,1,0.1,0,0,1.57,0,0,24,7.07,-500,1180,13.45
176,10/17/2021,7:00,OL46,"Cugenang, Kab. Cianjur",7.75,5.37,25,6.1,24.7,1,0.2,0,0,1.53,0,0,22,6.91,-500,1180,13.7
177,10/17/2021,8:00,OL46,"Cugenang, Kab. Cianjur",7.74,5.59,25.1,6.6,24.7,1,0.2,0,0,1.52,0,0,21,6.87,-500,1181,13.7
178,10/17/2021,9:00,OL46,"Cugenang, Kab. Cianjur",8.09,5.1,25.1,6.9,24.9,1,0.2,0,0,1.64,0,0,23,7.4,-500,1181,13.7
179,10/17/2021,10:00,OL46,"Cugenang, Kab. Cianjur",8.08,5.04,24.7,5.9,25.7,1,0.1,0,0,1.85,0.61,0,22,8.35,-500,1181,13.7
180,10/17/2021,11:00,OL46,"Cugenang, Kab. Cianjur",8.2,4.88,24.3,6.5,26.7,1,0.1,0,0,1.88,0,0,21,8.49,-500,1182,13.7
181,10/17/2021,12:00,OL46,"Cugenang, Kab. Cianjur",8.28,4.79,23.9,6.4,28,1,0.1,0,0,1.7,2.02,0,22,7.68,-500,1182,13.7
182,10/17/2021,13:00,OL46,"Cugenang, Kab. Cianjur",8.3,4.64,23.8,6.1,29.2,1,0.1,0,0,1.72,3.72,0,23,7.75,-500,1182,13.7
183,10/17/2021,14:00,OL46,"Cugenang, Kab. Cianjur",8.24,4.42,23.4,5.7,30.3,1,0.1,0,0,1.79,8.77,0,19,8.06,-500,1183,13.7
184,10/17/2021,15:00,OL46,"Cugenang, Kab. Cianjur",8.23,4.29,23.4,6.7,31.1,1,0.1,0,0,2.35,15.69,0,19,10.58,-500,1183,13.7
185,10/17/2021,16:00,OL46,"Cugenang, Kab. Cianjur",8.3,4.58,23,57.9,31.2,1,0.1,0,0,10.11,106.12,0,22,45.13,-500,1183,13.7
186,10/17/2021,17:00,OL46,"Cugenang, Kab. Cianjur",8.35,4.34,23,66,30.5,1,0.1,0,0,11.47,113.58,0,21,50.84,-500,1184,13.7
187,10/17/2021,18:00,OL46,"Cugenang, Kab. Cianjur",8.34,4.08,23.6,31.7,29.7,1,0.1,0,0,7.17,59.92,0,21,32.3,-500,1184,13.65
188,10/17/2021,19:00,OL46,"Cugenang, Kab. Cianjur",8.54,4.09,24,18.3,28.9,1,0.1,0,0,4.36,28.26,0,22,19.62,-500,1184,13.65
189,10/17/2021,20:00,OL46,"Cugenang, Kab. Cianjur",8.27,4.22,23.5,17.3,27.8,1,0.1,0,0,3.66,20.55,0,20,16.5,-500,1185,13.6
190,10/17/2021,21:00,OL46,"Cugenang, Kab. Cianjur",8.42,3.88,23.6,11.4,27.8,1,0.1,0,0,3.64,17.99,0,22,16.4,-500,1185,13.6
191,10/17/2021,22:00,OL46,"Cugenang, Kab. Cianjur",7.69,3.62,23.7,11.3,27.8,1,0.1,0,0,3.48,14.96,0,20,15.7,-500,1185,13.55
192,10/17/2021,23:00,OL46,"Cugenang, Kab. Cianjur",7.83,3.35,23.7,12.4,27.7,1,0.1,0,0,3.37,14.07,0,22,15.17,-500,1186,13.55
193,10/18/2021,0:00,OL46,"Cugenang, Kab. Cianjur",8.12,3.33,23.7,13.8,27.5,1,0.1,0,0,3.3,11.81,0,21,14.88,-500,1186,13.5
194,10/18/2021,1:00,OL46,"Cugenang, Kab. Cianjur",8.6,3.48,23.9,14.2,27.1,1,0.1,0,0,3.26,10.23,0,21,14.67,-500,1186,13.5
195,10/18/2021,2:00,OL46,"Cugenang, Kab. Cianjur",8.67,3.04,23.9,13.7,26.8,1,0.1,0,0,3.2,8.32,0,18,14.42,-500,1187,13.45
196,10/18/2021,3:00,OL46,"Cugenang, Kab. Cianjur",8.17,2.6,24,14.1,26.5,1,0.1,0,0,3.19,7.25,0,20,14.37,-500,1187,13.45
197,10/18/2021,4:00,OL46,"Cugenang, Kab. Cianjur",8.57,2.49,24.1,13.2,26.1,1,0.1,0,0,3.18,6.67,0,20,14.32,-500,1187,13.39
198,10/18/2021,5:00,OL46,"Cugenang, Kab. Cianjur",7.95,2.66,24.1,13.4,25.8,1,0.1,0,0,3.66,14.71,0,20,16.49,-500,1188,13.39
199,10/18/2021,6:00,OL46,"Cugenang, Kab. Cianjur",7.81,2.55,24,13,25.7,1,0.1,0,0,3.54,12.73,0,20,15.95,-500,1188,13.39
200,10/18/2021,7:00,OL46,"Cugenang, Kab. Cianjur",8.4,2.48,24,12.7,25.6,1,0.1,0,0,3.54,11.7,0,18,15.94,-500,1188,13.7
201,10/18/2021,8:00,OL46,"Cugenang, Kab. Cianjur",7.96,2.44,24,12.8,25.5,1,0.1,0,0,3.49,10.79,0,19,15.7,-500,1189,13.7
202,10/18/2021,9:00,OL46,"Cugenang, Kab. Cianjur",7.72,2.88,23.9,12.3,25.4,1,0.1,0,0,4.26,26.84,0,21,19.19,-500,1189,13.7
203,10/18/2021,10:00,OL46,"Cugenang, Kab. Cianjur",7.86,5.68,0.1,8.2,25.5,0,0,0,0,5.51,52.03,0,21,24.85,-500,1189,13.7
204,10/18/2021,11:00,OL46,"Cugenang, Kab. Cianjur",7.67,6.41,0,10.1,25.7,0,0,0,0,0,97.18,0,22,0,-500,1190,13.7
205,10/18/2021,12:00,OL46,"Cugenang, Kab. Cianjur",8.33,6.22,23.5,91.8,25.6,1,0.1,0,0,10.81,154.23,0,21,48.08,-500,1190,13.7
206,10/18/2021,13:00,OL46,"Cugenang, Kab. Cianjur",8.12,6.04,23.6,90.8,25.2,1,0.1,0,0,10.55,144.53,0,19,46.96,-500,1190,13.7
207,10/18/2021,14:00,OL46,"Cugenang, Kab. Cianjur",8.24,5.78,23,94,25,1,0.1,0,0,11.55,160.27,0,20,51.17,-500,1191,13.7
208,10/18/2021,15:00,OL46,"Cugenang, Kab. Cianjur",7.91,5.77,22.7,81.3,24.8,1,0.1,0,0,10.6,140.17,0,22,47.16,-500,1191,13.7
209,10/18/2021,16:00,OL46,"Cugenang, Kab. Cianjur",8.03,5.74,22.8,43.7,24.8,1,0.1,0,0,7.41,79.2,0,15,33.4,-500,1191,13.7
210,10/18/2021,17:00,OL46,"Cugenang, Kab. Cianjur",7.68,5.64,22.8,33.6,24.7,1,0.1,0,0,5.91,51.09,0,21,26.65,-500,1192,13.65
211,10/18/2021,18:00,OL46,"Cugenang, Kab. Cianjur",7.77,5.72,23.5,29.1,24.5,1,0.1,0,0,5.28,43.63,0,19,23.79,-500,1192,13.6
212,10/18/2021,19:00,OL46,"Cugenang, Kab. Cianjur",8.21,5.45,24.1,23.1,24.4,1,0.1,0,0,4.63,32.7,0,14,20.88,-500,1192,13.6
213,10/18/2021,20:00,OL46,"Cugenang, Kab. Cianjur",7.99,5.7,24.6,22.4,24.1,1,0.1,0,0,4.5,28.26,0,17,20.29,-500,1193,13.55
214,10/18/2021,21:00,OL46,"Cugenang, Kab. Cianjur",7.54,5.69,24.6,18.4,24,1,0.1,0,0,4.12,20.83,0,21,18.55,-500,1193,13.55
215,10/18/2021,22:00,OL46,"Cugenang, Kab. Cianjur",8.11,5.8,24.5,15,23.9,1,0.1,0,0,3.68,14.14,0,15,16.57,-500,1193,13.5
216,10/18/2021,23:00,OL46,"Cugenang, Kab. Cianjur",8.13,5.56,24.4,12.5,23.7,1,0.1,0,0,3.25,10.21,0,20,14.64,-500,1194,13.5
217,10/19/2021,0:00,OL46,"Cugenang, Kab. Cianjur",7.89,5.79,24.4,13.9,23.4,1,0.1,0,0,3.07,10.96,0,22,13.81,-500,1194,13.5
218,10/19/2021,1:00,OL46,"Cugenang, Kab. Cianjur",7.98,6.03,24.4,12.9,23.2,1,0.1,0,0,2.93,9.51,0,21,13.22,-500,1194,13.45
219,10/19/2021,2:00,OL46,"Cugenang, Kab. Cianjur",7.56,5.93,24.4,12.4,22.9,1,0.1,0,0,2.7,6.19,0,19,12.14,-500,1195,13.45
220,10/19/2021,3:00,OL46,"Cugenang, Kab. Cianjur",8.19,6.11,24.5,12.1,22.7,1,0.1,0,0,2.57,5.64,0,20,11.57,-500,1195,13.39
221,10/19/2021,4:00,OL46,"Cugenang, Kab. Cianjur",7.41,6.3,24.6,13.5,22.5,1,0.1,0,0,2.66,7.93,0,20,11.99,-500,1195,13.39
222,10/19/2021,5:00,OL46,"Cugenang, Kab. Cianjur",7.42,6.27,24.7,11.6,22.4,1,0.1,0,0,2.42,4.12,0,22,10.91,-500,1196,13.34
223,10/19/2021,6:00,OL46,"Cugenang, Kab. Cianjur",7.63,6.21,24.8,11.5,22.2,1,0.1,0,0,2.35,2.72,0,22,10.6,-500,1196,13.45
224,10/19/2021,7:00,OL46,"Cugenang, Kab. Cianjur",8.47,6.05,24.8,9,22.2,1,0.1,0,0,2.21,0.38,0,20,9.95,-500,1196,13.7
225,10/19/2021,8:00,OL46,"Cugenang, Kab. Cianjur",8,6.35,24.7,10,22.3,1,0.1,0,0,2.37,7.28,0,22,10.7,-500,1197,13.7
226,10/19/2021,9:00,OL46,"Cugenang, Kab. Cianjur",8.31,5.71,24.7,21.3,22.8,1,0.1,0,0,3.71,28.31,0,23,16.7,-500,1197,13.7
227,10/19/2021,10:00,OL46,"Cugenang, Kab. Cianjur",8.34,5.9,24.3,61.9,23.7,1,0.1,0,0,9.3,119.26,0,19,41.74,-500,1197,13.7
228,10/19/2021,11:00,OL46,"Cugenang, Kab. Cianjur",8.22,5.73,24.1,58.1,24.8,1,0.1,0,0,9.24,114.02,0,22,41.47,-500,1198,13.7
229,10/19/2021,12:00,OL46,"Cugenang, Kab. Cianjur",8.23,4.74,23.8,52.4,26.1,1,0.1,0,0,9.32,109.81,0,22,41.81,-500,1198,13.7
230,10/19/2021,13:00,OL46,"Cugenang, Kab. Cianjur",7.83,3.97,23.9,31,27.4,1,0.1,0,0,8.27,90.64,0,21,37.25,-500,1198,13.7
231,10/19/2021,14:00,OL46,"Cugenang, Kab. Cianjur",8.03,5.06,23.9,26.6,28.1,1,0.1,0,0,4.79,43.15,0,22,21.59,-500,1199,13.7
232,10/19/2021,15:00,OL46,"Cugenang, Kab. Cianjur",7.94,5.53,24.2,22.4,28.1,1,0.1,0,0,3.4,27.58,0,19,15.33,-500,1199,13.7
233,10/19/2021,16:00,OL46,"Cugenang, Kab. Cianjur",8.49,5.69,24.2,20.6,27.3,1,0.1,0,0,3.34,24.81,0,18,15.05,-500,1199,13.65
234,10/19/2021,17:00,OL46,"Cugenang, Kab. Cianjur",8.19,5.9,22.6,72.6,26,1,0.1,0,0,9.01,119.1,0,18,40.52,-500,1200,13.65
235,10/19/2021,18:00,OL46,"Cugenang, Kab. Cianjur",7.87,5.61,20.6,94.4,25.5,1,0.1,0,0,11.27,147.62,0,20,49.97,-500,1200,13.6
236,10/19/2021,19:00,OL46,"Cugenang, Kab. Cianjur",7.7,5.38,19.9,81.7,25.3,0,0.1,0,0,12.05,130.89,0,21,53.28,-500,1200,13.6
237,10/19/2021,20:00,OL46,"Cugenang, Kab. Cianjur",8.08,5.13,19.4,77,25,0,0.1,0,0,12.48,118.19,0,20,55.06,-500,1201,13.55
238,10/19/2021,21:00,OL46,"Cugenang, Kab. Cianjur",7.93,5.08,19,70.1,24.9,0,0.1,0,0,11.24,95.78,0,21,49.86,-500,1201,13.55
239,10/19/2021,22:00,OL46,"Cugenang, Kab. Cianjur",8.13,5.63,19.3,49.8,24.3,0,0.1,0,0,9.75,73.84,0,21,43.61,-500,1201,13.5
240,10/19/2021,23:00,OL46,"Cugenang, Kab. Cianjur",8.6,5.52,20,36.9,24,0,0.1,0,0,7.58,48.17,0,16,34.17,-500,1202,13.5
241,10/20/2021,0:00,OL46,"Cugenang, Kab. Cianjur",7.71,5.66,20.8,25.1,23.8,1,0.1,0,0,6.06,34.3,0,21,27.29,-500,1202,13.45
242,10/20/2021,1:00,OL46,"Cugenang, Kab. Cianjur",8.33,6,21.5,21.3,23.5,1,0.1,0,0,4.81,23.93,0,23,21.68,-500,1202,13.45
243,10/20/2021,2:00,OL46,"Cugenang, Kab. Cianjur",8.14,5.93,22,17,23.3,1,0.1,0,0,3.98,15.85,0,22,17.94,-500,1203,13.39
244,10/20/2021,3:00,OL46,"Cugenang, Kab. Cianjur",8.31,5.83,22.4,14.7,23.2,1,0.1,0,0,3.48,11.13,0,22,15.67,-500,1203,13.39
245,10/20/2021,4:00,OL46,"Cugenang, Kab. Cianjur",8.21,5.97,22.6,12.6,23.1,1,0.1,0,0,3.22,7.11,0,22,14.5,-500,1203,13.34
246,10/20/2021,5:00,OL46,"Cugenang, Kab. Cianjur",7.87,6.02,22.8,10.9,23,1,0.1,0,0,2.83,4.58,0,22,12.73,-500,1204,13.34
247,10/20/2021,6:00,OL46,"Cugenang, Kab. Cianjur",8.21,6.07,23.3,11,22.8,1,0.1,0,0,2.64,3.94,0,23,11.89,-500,1204,13.5
248,10/20/2021,7:00,OL46,"Cugenang, Kab. Cianjur",8.21,6.04,23.5,10.6,22.8,1,0.1,0,0,2.48,4.94,0,17,11.17,-500,1204,13.7
249,10/20/2021,8:00,OL46,"Cugenang, Kab. Cianjur",8.11,5.9,23.6,9.4,22.9,1,0.1,0,0,2.35,1.39,0,22,10.58,-500,1205,13.7
250,10/20/2021,9:00,OL46,"Cugenang, Kab. Cianjur",7.97,5.53,23.6,9.2,23.3,1,0.1,0,0,2.37,3.57,0,20,10.68,-500,1205,13.7
251,10/20/2021,10:00,OL46,"Cugenang, Kab. Cianjur",8.12,5.72,23.5,9.7,24.2,1,0.1,0,0,2.29,4.13,0,23,10.3,-500,1205,13.7
252,10/20/2021,11:00,OL46,"Cugenang, Kab. Cianjur",7.99,5.6,23.4,10,25.1,1,0.1,0,0,2.49,7.53,0,21,11.23,-500,1206,13.7
253,10/20/2021,12:00,OL46,"Cugenang, Kab. Cianjur",8.22,5.45,23.5,10.1,26.1,1,0.1,0,0,2.45,7.78,0,22,11.05,-500,1206,13.7
254,10/20/2021,13:00,OL46,"Cugenang, Kab. Cianjur",8.2,4.88,23.4,10.8,27.4,1,0.1,0,0,2.58,10.29,0,23,11.62,-500,1206,13.7
255,10/20/2021,14:00,OL46,"Cugenang, Kab. Cianjur",8.07,4.75,23.3,11.2,28.6,1,0.1,0,0,2.54,11.69,0,22,11.44,-500,1207,13.7
256,10/20/2021,15:00,OL46,"Cugenang, Kab. Cianjur",8.09,4.75,23.6,11.4,29,1,0.1,0,0,2.5,13.32,0,21,11.26,-500,1207,13.7
257,10/20/2021,16:00,OL46,"Cugenang, Kab. Cianjur",8.19,4.97,23.6,11.3,28.4,1,0.1,0,0,2.45,11.93,0,22,11.06,-500,1207,13.7
258,10/20/2021,17:00,OL46,"Cugenang, Kab. Cianjur",8.17,5.2,23.7,9.6,27.7,1,0.1,0,0,2.25,7.64,0,21,10.16,-500,1208,13.7
259,10/20/2021,18:00,OL46,"Cugenang, Kab. Cianjur",8.16,5.29,23.9,10.7,26.9,1,0.1,0,0,2.53,10.8,0,18,11.4,-500,1208,13.65
260,10/20/2021,19:00,OL46,"Cugenang, Kab. Cianjur",8.25,5.14,23.8,11.6,26.8,1,0.1,0,0,2.73,9.72,0,22,12.29,-500,1208,13.6
261,10/20/2021,20:00,OL46,"Cugenang, Kab. Cianjur",8.08,4.76,24,8.2,26.7,1,0.1,0,0,2.6,6.34,0,22,11.7,-500,1209,13.6
262,10/20/2021,21:00,OL46,"Cugenang, Kab. Cianjur",7.66,4.62,24.2,8.8,26.7,1,0.1,0,0,2.61,5.67,0,22,11.78,-500,1209,13.55
263,10/20/2021,22:00,OL46,"Cugenang, Kab. Cianjur",7.73,4.6,24.3,8.2,26.6,1,0.1,0,0,2.57,4.29,0,22,11.6,-500,1209,13.55
264,10/20/2021,23:00,OL46,"Cugenang, Kab. Cianjur",7.66,3.69,24.4,8.1,26.6,1,0.1,0,0,2.55,4.55,0,22,11.48,-500,1210,13.55
265,10/21/2021,0:00,OL46,"Cugenang, Kab. Cianjur",7.4,4,24.4,7.9,26.5,1,0.1,0,0,2.57,3.7,0,20,11.59,-500,1210,13.5
266,10/21/2021,1:00,OL46,"Cugenang, Kab. Cianjur",7.93,3.76,24.7,10.4,26.3,1,0.1,0,0,2.53,2.18,0,21,11.42,-500,1210,13.5
267,10/21/2021,2:00,OL46,"Cugenang, Kab. Cianjur",8.02,3.62,24.8,11.6,25.9,1,0.1,0,0,2.56,1.61,0,21,11.56,-500,1211,13.45
268,10/21/2021,3:00,OL46,"Cugenang, Kab. Cianjur",7.1,3.44,24.7,11.2,25.5,1,0.1,0,0,2.57,1.05,0,21,11.59,-500,1211,13.45
269,10/21/2021,4:00,OL46,"Cugenang, Kab. Cianjur",8.12,5.03,22.7,38.7,24.4,1,0.1,0,0,5.21,47.3,0,21,23.44,-500,1211,13.39
270,10/21/2021,5:00,OL46,"Cugenang, Kab. Cianjur",8.3,5.54,22.7,35.9,23.9,1,0.1,0,0,5.13,53.59,0,21,23.11,-500,1212,13.39
271,10/21/2021,6:00,OL46,"Cugenang, Kab. Cianjur",8.03,5.55,22.9,27.2,23.6,1,0.1,0,0,4.33,38,0,21,19.5,-500,1212,13.45
272,10/21/2021,7:00,OL46,"Cugenang, Kab. Cianjur",8.45,5.57,23.1,19.9,23.5,1,0.1,0,0,3.66,25.55,0,20,16.51,-500,1212,13.7
273,10/21/2021,8:00,OL46,"Cugenang, Kab. Cianjur",7.78,5.71,23.2,25.1,23.5,1,0.1,0,0,3.95,30.29,0,16,17.79,-500,1213,13.7
274,10/21/2021,9:00,OL46,"Cugenang, Kab. Cianjur",8.14,4.96,23.2,17,23.9,1,0.1,0,0,3.45,27.13,0,22,15.56,-500,1213,13.7
275,10/21/2021,10:00,OL46,"Cugenang, Kab. Cianjur",7.87,4.7,23.2,14.7,24.4,1,0.1,0,0,3.25,23.03,0,19,14.65,-500,1213,13.7
276,10/21/2021,11:00,OL46,"Cugenang, Kab. Cianjur",8.08,4.79,23.2,13.7,25.1,1,0.1,0,0,3.07,19.83,0,23,13.82,-500,1214,13.7
277,10/21/2021,12:00,OL46,"Cugenang, Kab. Cianjur",7.91,4.94,23,15,26,1,0.1,0,0,3,21.51,0,24,13.5,-500,1214,13.7
278,10/21/2021,13:00,OL46,"Cugenang, Kab. Cianjur",8.03,4.87,23.1,16.3,27.2,1,0.1,0,0,2.98,21.64,0,23,13.41,-500,1214,13.7
279,10/21/2021,14:00,OL46,"Cugenang, Kab. Cianjur",7.95,4.64,23.1,16.4,28,1,0.1,0,0,3.14,23.03,0,21,14.16,-500,1215,13.7
280,10/21/2021,15:00,OL46,"Cugenang, Kab. Cianjur",7.86,4.03,23.2,14.3,28.5,1,0.1,0,0,3.61,31.88,0,22,16.27,-500,1215,13.7
281,10/21/2021,16:00,OL46,"Cugenang, Kab. Cianjur",7.86,4.88,23.3,22.6,28.7,1,0.1,0,0,3.92,35.6,0,22,17.67,-500,1215,13.7
282,10/21/2021,17:00,OL46,"Cugenang, Kab. Cianjur",8.11,4.99,23.7,21.4,28,1,0.1,0,0,3.7,31.42,0,21,16.67,-500,1216,13.7
283,10/21/2021,18:00,OL46,"Cugenang, Kab. Cianjur",7.96,5.04,23.9,15.7,27.4,1,0.1,0,0,3.06,18.17,0,24,13.79,-500,1216,13.65
284,10/21/2021,19:00,OL46,"Cugenang, Kab. Cianjur",8.32,4.94,24.2,14.3,26.8,1,0.1,0,0,2.91,19.32,0,24,13.12,-500,1216,13.65
285,10/21/2021,20:00,OL46,"Cugenang, Kab. Cianjur",7.97,5.01,24.3,11.4,26.4,1,0.1,0,0,2.7,14.29,0,22,12.16,-500,1217,13.6
286,10/21/2021,21:00,OL46,"Cugenang, Kab. Cianjur",7.89,4.79,24.2,11.4,26,1,0.1,0,0,2.67,12.28,0,24,12.01,-500,1217,13.55
287,10/21/2021,22:00,OL46,"Cugenang, Kab. Cianjur",8.68,4.86,24.1,10.6,25.6,1,0.1,0,0,2.67,12.22,0,25,12.03,-500,1217,13.55
288,10/21/2021,23:00,OL46,"Cugenang, Kab. Cianjur",8.75,5.03,24,13.3,25.3,1,0.1,0,0,2.8,15.28,0,22,12.61,-500,1218,13.55
289,10/22/2021,0:00,OL46,"Cugenang, Kab. Cianjur",8.08,5.32,24.1,13.3,25,1,0.1,0,0,2.77,12.71,0,23,12.46,-500,1218,13.5
290,10/22/2021,1:00,OL46,"Cugenang, Kab. Cianjur",8.23,4.96,24.1,10.8,24.8,1,0.1,0,0,2.65,10.61,0,23,11.95,-500,1218,13.5
291,10/22/2021,2:00,OL46,"Cugenang, Kab. Cianjur",8.58,5.1,24.3,10.7,24.5,1,0.1,0,0,2.56,8.77,0,24,11.55,-500,1219,13.45
292,10/22/2021,3:00,OL46,"Cugenang, Kab. Cianjur",7.68,5.27,24.3,11,24.2,1,0.1,0,0,2.55,9.23,0,22,11.48,-500,1219,13.45
293,10/22/2021,4:00,OL46,"Cugenang, Kab. Cianjur",7.93,5.58,24.5,15.9,23.9,1,0.1,0,0,2.85,15.17,0,22,12.82,-500,1219,13.39
294,10/22/2021,5:00,OL46,"Cugenang, Kab. Cianjur",7.36,5.7,24.6,15,23.6,1,0.1,0,0,2.76,13.28,0,22,12.43,-500,1220,13.39
295,10/22/2021,6:00,OL46,"Cugenang, Kab. Cianjur",7.45,5.69,24.7,11.2,23.4,1,0.1,0,0,2.45,5.83,0,22,11.03,-500,1220,13.5
296,10/22/2021,7:00,OL46,"Cugenang, Kab. Cianjur",7.94,6.66,0,8.9,23.1,0,0,0,0,0,58.5,0,23,0,-500,1220,13.7
297,10/22/2021,8:00,OL46,"Cugenang, Kab. Cianjur",8.22,6.52,0,9,23.9,0,0,0,0,0,59.8,0,23,0,-500,1221,13.7
298,10/22/2021,9:00,OL46,"Cugenang, Kab. Cianjur",8.37,6.17,24.7,19.8,23.9,1,0.1,0,0,3.43,30.72,0,24,15.44,-500,1221,13.7
299,10/22/2021,10:00,OL46,"Cugenang, Kab. Cianjur",7.83,6.22,24.6,25.6,24.5,1,0.1,0,0,4.2,44.52,0,25,18.92,-500,1221,13.7
300,10/22/2021,11:00,OL46,"Cugenang, Kab. Cianjur",8.43,6.2,24.3,37.3,25.5,1,0.1,0,0,4.82,68.75,0,25,21.71,-500,1222,13.7
301,10/22/2021,12:00,OL46,"Cugenang, Kab. Cianjur",7.9,5.34,24.2,14.5,26.9,1,0.1,0,0,3.1,27.34,0,25,13.98,-500,1222,13.7
302,10/22/2021,13:00,OL46,"Cugenang, Kab. Cianjur",8.28,5.17,24.2,10.3,28.1,1,0.1,0,0,2.72,12.97,0,23,12.27,-500,1222,13.7
303,10/22/2021,14:00,OL46,"Cugenang, Kab. Cianjur",8.21,4.98,24.1,14,28.8,1,0.1,0,0,2.46,19.54,0,22,11.1,-500,1223,13.7
304,10/22/2021,15:00,OL46,"Cugenang, Kab. Cianjur",8.19,5.19,24.3,11.4,29,1,0.1,0,0,2.3,13.5,0,23,10.37,-500,1223,13.7
305,10/22/2021,16:00,OL46,"Cugenang, Kab. Cianjur",8.15,5.05,24,12.2,28.9,1,0.1,0,0,2.5,15.98,0,23,11.24,-500,1223,13.7
306,10/22/2021,17:00,OL46,"Cugenang, Kab. Cianjur",8.52,5.19,24.2,11.9,28.4,1,0.1,0,0,2.56,16.31,0,24,11.53,-500,1224,13.7
307,10/22/2021,18:00,OL46,"Cugenang, Kab. Cianjur",8.71,5.17,24.2,11.4,27.9,1,0.1,0,0,2.43,10.48,0,14,10.93,-500,1224,13.65
308,10/22/2021,19:00,OL46,"Cugenang, Kab. Cianjur",8.8,5.64,23.6,20.6,26.9,1,0.1,0,0,4.02,33.9,0,21,18.09,-500,1224,13.65
309,10/22/2021,20:00,OL46,"Cugenang, Kab. Cianjur",8.43,5.5,23.1,22.9,26.3,1,0.1,0,0,4.68,36.24,0,22,21.09,-500,1225,13.6
310,10/22/2021,21:00,OL46,"Cugenang, Kab. Cianjur",8.68,5.76,22.8,47.9,25.8,1,0.1,0,0,7.01,82.81,0,17,31.58,-500,1225,13.6
311,10/22/2021,22:00,OL46,"Cugenang, Kab. Cianjur",8.8,5.84,22.9,77.6,25.1,1,0.1,0,0,9.67,135.46,0,19,43.28,-500,1225,13.55
312,10/22/2021,23:00,OL46,"Cugenang, Kab. Cianjur",8.52,5.58,23.2,71.1,24.7,1,0.1,0,0,9.93,130.45,0,16,44.39,-500,1226,13.55
313,10/23/2021,0:00,OL46,"Cugenang, Kab. Cianjur",8.13,5.23,23.1,56.7,24.6,1,0.1,0,0,9.2,103.65,0,19,41.3,-500,1226,13.5
314,10/23/2021,1:00,OL46,"Cugenang, Kab. Cianjur",8.34,5.16,23,45,24.3,1,0.1,0,0,8.11,75.75,0,21,36.52,-500,1226,13.5
315,10/23/2021,2:00,OL46,"Cugenang, Kab. Cianjur",7.51,5.29,22.9,32.8,24.3,1,0.1,0,0,6.82,53.47,0,22,30.73,-500,1227,13.45
316,10/23/2021,3:00,OL46,"Cugenang, Kab. Cianjur",8.25,5.52,23.1,24.4,24,1,0.1,0,0,5.35,34.4,0,19,24.12,-500,1227,13.45
317,10/23/2021,4:00,OL46,"Cugenang, Kab. Cianjur",8.02,5.48,23.3,22,23.8,1,0.1,0,0,4.38,23.85,0,22,19.73,-500,1227,13.39
318,10/23/2021,5:00,OL46,"Cugenang, Kab. Cianjur",8.22,5.57,23.6,19.4,23.6,1,0.1,0,0,3.66,13.95,0,22,16.5,-500,1228,13.39
319,10/23/2021,6:00,OL46,"Cugenang, Kab. Cianjur",8.31,5.36,23.8,17.1,23.5,1,0.1,0,0,3.16,7.96,0,19,14.24,-500,1228,13.45
320,10/23/2021,7:00,OL46,"Cugenang, Kab. Cianjur",8.09,5.33,24.1,15.2,23.3,1,0.1,0,0,2.75,3.51,0,22,12.37,-500,1228,13.7
321,10/23/2021,8:00,OL46,"Cugenang, Kab. Cianjur",8.18,5.42,24.1,13.8,23.4,1,0.1,0,0,2.52,1.36,0,21,11.35,-500,1229,13.7
322,10/23/2021,9:00,OL46,"Cugenang, Kab. Cianjur",8.29,5.61,24.1,13.5,23.7,1,0.1,0,0,2.49,4.11,0,23,11.22,-500,1229,13.7
323,10/23/2021,10:00,OL46,"Cugenang, Kab. Cianjur",8.1,5.51,24.1,14.3,24.4,1,0.1,0,0,2.37,4.93,0,23,10.66,-500,1229,13.7
324,10/23/2021,11:00,OL46,"Cugenang, Kab. Cianjur",8.15,5.49,24,14,25.3,1,0.1,0,0,2.24,4.16,0,24,10.11,-500,1230,13.7
325,10/23/2021,12:00,OL46,"Cugenang, Kab. Cianjur",8.2,5.33,23.8,12.9,26.1,1,0.1,0,0,2.24,4.2,0,23,10.09,-500,1230,13.7
326,10/23/2021,13:00,OL46,"Cugenang, Kab. Cianjur",8.13,5.22,23.8,11.4,26.6,1,0.1,0,0,2.19,5.14,0,23,9.87,-500,1230,13.7
327,10/23/2021,14:00,OL46,"Cugenang, Kab. Cianjur",8.11,5.19,23.9,13.5,26.9,1,0.1,0,0,2.27,5.71,0,22,10.21,-500,1231,13.7
328,10/23/2021,15:00,OL46,"Cugenang, Kab. Cianjur",7.63,5.03,23.9,13.4,27.4,1,0.1,0,0,2.26,7.64,0,20,10.2,-500,1231,13.7
329,10/23/2021,16:00,OL46,"Cugenang, Kab. Cianjur",8.11,5.12,23.7,12.7,28,1,0.1,0,0,2.4,9.58,0,22,10.81,-500,1231,13.7
330,10/23/2021,17:00,OL46,"Cugenang, Kab. Cianjur",8.04,4.93,23.7,14.6,27.8,1,0.1,0,0,2.76,15.09,0,22,12.45,-500,1232,13.7
331,10/23/2021,18:00,OL46,"Cugenang, Kab. Cianjur",8.72,4.96,23.8,16,27.3,1,0.1,0,0,3.17,19.3,0,21,14.29,-500,1232,13.7
332,10/23/2021,19:00,OL46,"Cugenang, Kab. Cianjur",8.23,5.04,23.7,18.5,26.8,1,0.1,0,0,3.69,26.94,0,19,16.61,-500,1232,13.65
333,10/23/2021,20:00,OL46,"Cugenang, Kab. Cianjur",8.51,5.01,23.6,21.3,26.3,1,0.1,0,0,4.07,31.3,0,21,18.35,-500,1233,13.65
334,10/23/2021,21:00,OL46,"Cugenang, Kab. Cianjur",8,5.03,23.7,19.7,25.9,1,0.1,0,0,4.17,29.4,0,21,18.8,-500,1233,13.6
335,10/23/2021,22:00,OL46,"Cugenang, Kab. Cianjur",8.3,5.07,23.9,18.6,25.4,1,0.1,0,0,3.51,19.77,0,19,15.82,-500,1233,13.55
336,10/23/2021,23:00,OL46,"Cugenang, Kab. Cianjur",7.43,5.14,24.1,16.6,25,1,0.1,0,0,2.88,11.6,0,17,12.96,-500,1234,13.55
337,10/24/2021,0:00,OL46,"Cugenang, Kab. Cianjur",8.09,5.24,24.2,15.3,24.7,1,0.1,0,0,2.6,6.76,0,16,11.71,-500,1234,13.5
338,10/24/2021,1:00,OL46,"Cugenang, Kab. Cianjur",8.45,5.31,24.3,14.9,24.4,1,0.1,0,0,2.39,5,0,20,10.78,-500,1234,13.5
339,10/24/2021,2:00,OL46,"Cugenang, Kab. Cianjur",8.82,5.27,24.4,14,24.1,1,0.1,0,0,2.3,2.59,0,23,10.38,-500,1235,13.5
340,10/24/2021,3:00,OL46,"Cugenang, Kab. Cianjur",8.75,5.37,24.5,13.8,23.8,1,0.1,0,0,2.24,2.27,0,20,10.08,-500,1235,13.45
341,10/24/2021,4:00,OL46,"Cugenang, Kab. Cianjur",8.47,5.65,24.5,13.6,23.6,1,0.1,0,0,2.16,3.16,0,19,9.72,-500,1235,13.39
342,10/24/2021,5:00,OL46,"Cugenang, Kab. Cianjur",9.19,5.6,24.5,13.9,23.3,1,0.1,0,0,2.11,1.56,0,16,9.49,-500,1236,13.39
343,10/24/2021,6:00,OL46,"Cugenang, Kab. Cianjur",7.5,5.76,24.6,13.4,23.1,1,0.1,0,0,2.05,1.1,0,18,9.25,-500,1236,13.45
344,10/24/2021,7:00,OL46,"Cugenang, Kab. Cianjur",8.9,5.64,24.7,12.8,23,1,0.1,0,0,1.98,0,0,22,8.91,-500,1236,13.7
345,10/24/2021,8:00,OL46,"Cugenang, Kab. Cianjur",8,5.8,24.7,12.7,23,1,0.1,0,0,1.89,0,0,20,8.51,-500,1237,13.7
346,10/24/2021,9:00,OL46,"Cugenang, Kab. Cianjur",8.49,5.81,24.8,11.5,23.3,1,0.1,0,0,1.87,0,0,24,8.44,-500,1237,13.7
347,10/24/2021,10:00,OL46,"Cugenang, Kab. Cianjur",8.41,5.75,24.4,13.1,24.2,1,0.1,0,0,1.9,0.43,0,22,8.57,-500,1237,13.7
348,10/24/2021,11:00,OL46,"Cugenang, Kab. Cianjur",8.81,5.44,24,11.2,25.3,1,0.1,0,0,1.97,0,0,24,8.89,-500,1238,13.7
349,10/24/2021,12:00,OL46,"Cugenang, Kab. Cianjur",8.35,5.2,23.9,11.2,26.7,1,0.1,0,0,1.94,2.63,0,21,8.75,-500,1238,13.7
350,10/24/2021,13:00,OL46,"Cugenang, Kab. Cianjur",8.36,5.01,23.7,14.3,28.1,1,0.1,0,0,2.24,7.2,0,20,10.07,-500,1238,13.7
351,10/24/2021,14:00,OL46,"Cugenang, Kab. Cianjur",8.37,5.18,23.8,15.4,29.2,1,0.1,0,0,2.79,12.08,0,21,12.57,-500,1239,13.7
352,10/24/2021,15:00,OL46,"Cugenang, Kab. Cianjur",8.37,4.98,23.8,20.2,29.7,1,0.1,0,0,2.86,15.13,0,21,12.88,-500,1239,13.7
353,10/24/2021,16:00,OL46,"Cugenang, Kab. Cianjur",8.65,4.75,23.8,16.4,29.4,1,0.1,0,0,2.62,11.46,0,21,11.82,-500,1239,13.7
354,10/24/2021,17:00,OL46,"Cugenang, Kab. Cianjur",8.34,4.72,24,15,28.9,1,0.1,0,0,2.45,9.92,0,22,11.02,-500,1240,13.7
355,10/24/2021,18:00,OL46,"Cugenang, Kab. Cianjur",7.73,4.87,24.3,14.9,28.3,1,0.1,0,0,2.3,9.82,0,21,10.38,-500,1240,13.65
356,10/24/2021,19:00,OL46,"Cugenang, Kab. Cianjur",8,5,24.4,13.7,27.8,1,0.1,0,0,2.19,7.26,0,21,9.86,-500,1240,13.65
357,10/24/2021,20:00,OL46,"Cugenang, Kab. Cianjur",7.8,5.1,24.7,13.1,27.3,1,0.1,0,0,2.07,4.34,0,19,9.34,-500,1241,13.6
358,10/24/2021,21:00,OL46,"Cugenang, Kab. Cianjur",7.98,5.09,24.7,13.4,26.9,1,0.1,0,0,2.06,3.85,0,20,9.28,-500,1241,13.55
359,10/24/2021,22:00,OL46,"Cugenang, Kab. Cianjur",8.01,5.08,24.8,13.2,26.5,1,0.1,0,0,2.04,3.48,0,21,9.19,-500,1241,13.55
360,10/24/2021,23:00,OL46,"Cugenang, Kab. Cianjur",7.91,5.2,24.8,13,26.1,1,0.1,0,0,2.02,1.9,0,21,9.1,-500,1242,13.55
361,10/25/2021,0:00,OL46,"Cugenang, Kab. Cianjur",8.12,5.28,24.9,13.1,25.8,1,0.1,0,0,1.97,2.16,0,22,8.87,-500,1242,13.5
362,10/25/2021,1:00,OL46,"Cugenang, Kab. Cianjur",8.4,5.37,24.9,13.3,25.5,1,0.1,0,0,2.08,3.52,0,20,9.37,-500,1242,13.5
363,10/25/2021,2:00,OL46,"Cugenang, Kab. Cianjur",7.89,5.42,24.9,13.1,25.2,1,0.1,0,0,2.07,2.54,0,20,9.31,-500,1243,13.45
364,10/25/2021,3:00,OL46,"Cugenang, Kab. Cianjur",7.6,5.45,25.1,13,24.9,1,0.2,0,0,1.94,1.31,0,21,8.72,-500,1243,13.45
365,10/25/2021,4:00,OL46,"Cugenang, Kab. Cianjur",7.84,5.59,25.2,12.4,24.7,1,0.2,0,0,1.84,0,0,20,8.31,-500,1243,13.39
366,10/25/2021,5:00,OL46,"Cugenang, Kab. Cianjur",7.78,5.65,25.3,13.6,24.5,1,0.2,0,0,1.9,0.31,0,21,8.56,-500,1244,13.39
367,10/25/2021,6:00,OL46,"Cugenang, Kab. Cianjur",8.37,5.53,25.4,13.8,24.3,1,0.2,0,0,1.81,0,0,19,8.17,-500,1244,13.5
368,10/25/2021,7:00,OL46,"Cugenang, Kab. Cianjur",8.04,5.54,25.4,13.2,24.1,1,0.2,0,0,1.73,0,0,20,7.81,-500,1244,13.7
369,10/25/2021,8:00,OL46,"Cugenang, Kab. Cianjur",7.77,6.5,0,8.2,24.5,0,0,0,0,0,89.15,0,22,0,-500,1245,13.7
370,10/25/2021,9:00,OL46,"Cugenang, Kab. Cianjur",7.81,6.45,0,8.7,24.9,0,0,0,0,0,89.79,0,22,0,-500,1245,13.7
371,10/25/2021,10:00,OL46,"Cugenang, Kab. Cianjur",8.71,5.81,24.8,8.5,25.4,1,0.1,0,0,2.15,6.52,0,24,9.67,-500,1245,13.7
372,10/25/2021,11:00,OL46,"Cugenang, Kab. Cianjur",8.2,5.27,24.8,9.5,26.4,1,0.1,0,0,2.31,10.53,0,21,10.43,-500,1246,13.7
373,10/25/2021,12:00,OL46,"Cugenang, Kab. Cianjur",8.25,5.13,24.6,11,27.5,1,0.1,0,0,2.49,13.23,0,21,11.2,-500,1246,13.7
374,10/25/2021,13:00,OL46,"Cugenang, Kab. Cianjur",8.08,5.11,24.3,9.8,28.3,1,0.1,0,0,2.41,10.99,0,19,10.84,-500,1246,13.7
375,10/25/2021,14:00,OL46,"Cugenang, Kab. Cianjur",8.49,5.25,24.4,11.9,28,1,0.1,0,0,2.28,8,0,22,10.27,-500,1247,13.7
376,10/25/2021,15:00,OL46,"Cugenang, Kab. Cianjur",8.38,5.5,24.4,11.3,26.9,1,0.1,0,0,2.67,11.23,0,19,12.01,-500,1247,13.7
377,10/25/2021,16:00,OL46,"Cugenang, Kab. Cianjur",8.43,5.69,24,25.4,26.5,1,0.1,0,0,4.41,39.12,0,21,19.88,-500,1247,13.7
378,10/25/2021,17:00,OL46,"Cugenang, Kab. Cianjur",8.19,5.67,22.8,103.2,25.9,1,0.1,0,0,11.09,166.31,0,23,49.23,-500,1248,13.65
379,10/25/2021,18:00,OL46,"Cugenang, Kab. Cianjur",8.12,5.5,21.3,165.2,25.6,1,0.1,0,0,16.07,269.94,0,24,70.11,-500,1248,13.6
380,10/25/2021,19:00,OL46,"Cugenang, Kab. Cianjur",8.48,5.18,21.4,122,25.7,1,0.1,0,0,13.75,183.23,0,23,60.41,-500,1248,13.6
381,10/25/2021,20:00,OL46,"Cugenang, Kab. Cianjur",8.32,4.8,21.4,99.6,25.7,1,0.1,0,0,12.67,148.82,0,24,55.88,-500,1249,13.55
382,10/25/2021,21:00,OL46,"Cugenang, Kab. Cianjur",7.82,4.71,21.5,86,25.5,1,0.1,0,0,11.85,128.23,0,22,52.41,-500,1249,13.55
383,10/25/2021,22:00,OL46,"Cugenang, Kab. Cianjur",7.74,4.45,21.6,76.6,25.4,1,0.1,0,0,11.24,113.14,0,22,49.85,-500,1249,13.5
384,10/25/2021,23:00,OL46,"Cugenang, Kab. Cianjur",7,4.19,21.8,72.1,25.1,1,0.1,0,0,10.7,99.22,0,22,47.62,-500,1250,13.5
385,10/26/2021,0:00,OL46,"Cugenang, Kab. Cianjur",7.16,4.13,21.9,66.4,24.9,1,0.1,0,0,10.31,91.84,0,22,45.96,-500,1250,13.45
386,10/26/2021,1:00,OL46,"Cugenang, Kab. Cianjur",7.42,4,21.8,63.9,24.7,1,0.1,0,0,10.1,84.06,0,22,45.1,-500,1250,13.45
387,10/26/2021,2:00,OL46,"Cugenang, Kab. Cianjur",8.31,3.9,21.9,59.8,24.5,1,0.1,0,0,9.79,78.02,0,23,43.79,-500,1251,13.39
388,10/26/2021,3:00,OL46,"Cugenang, Kab. Cianjur",8.19,3.86,22.1,53.7,24.2,1,0.1,0,0,9.55,70.7,0,21,42.78,-500,1251,13.39
389,10/26/2021,4:00,OL46,"Cugenang, Kab. Cianjur",7.32,3.72,22.1,51.3,24.1,1,0.1,0,0,9.3,68.49,0,22,41.75,-500,1251,13.39
390,10/26/2021,5:00,OL46,"Cugenang, Kab. Cianjur",8.33,3.75,22.3,49.8,24,1,0.1,0,0,9.14,64.17,0,22,41.08,-500,1252,13.34
391,10/26/2021,6:00,OL46,"Cugenang, Kab. Cianjur",7.68,3.83,22.4,46.1,24,1,0.1,0,0,8.94,60.92,0,23,40.22,-500,1252,13.39
392,10/26/2021,7:00,OL46,"Cugenang, Kab. Cianjur",7.64,3.79,22.5,45.2,23.8,1,0.1,0,0,8.8,55.85,0,24,39.63,-500,1252,13.7
393,10/26/2021,8:00,OL46,"Cugenang, Kab. Cianjur",8.1,4.66,22.6,34.3,23.3,1,0.1,0,0,4.79,26.77,0,22,21.57,-500,1253,13.7
394,10/26/2021,9:00,OL46,"Cugenang, Kab. Cianjur",8.16,4.08,22.8,21.8,23.5,1,0.1,0,0,5.63,33.14,0,23,25.37,-500,1253,13.7
395,10/26/2021,10:00,OL46,"Cugenang, Kab. Cianjur",7.81,3.87,23,16.9,23.9,1,0.1,0,0,4.23,23.61,0,22,19.07,-500,1253,13.7
396,10/26/2021,11:00,OL46,"Cugenang, Kab. Cianjur",7.8,4.9,22.9,12.8,24.8,1,0.1,0,0,3.76,18.18,0,24,16.94,-500,1254,13.7
397,10/26/2021,12:00,OL46,"Cugenang, Kab. Cianjur",8,4.87,22.9,13,26.1,1,0.1,0,0,3.39,16.67,0,22,15.28,-500,1254,13.7
398,10/26/2021,13:00,OL46,"Cugenang, Kab. Cianjur",7.88,4.97,23,12.8,27.4,1,0.1,0,0,3.21,18.5,0,23,14.44,-500,1254,13.7
399,10/26/2021,14:00,OL46,"Cugenang, Kab. Cianjur",8.06,4.93,22.9,10.8,28.4,1,0.1,0,0,3.13,19.07,0,22,14.09,-500,1255,13.7
400,10/26/2021,15:00,OL46,"Cugenang, Kab. Cianjur",8.03,4.72,23.1,12.8,29,1,0.1,0,0,3.08,21.34,0,24,13.89,-500,1255,13.7
401,10/26/2021,16:00,OL46,"Cugenang, Kab. Cianjur",8.12,4.94,23.3,17.9,29,1,0.1,0,0,3.54,31.33,0,21,15.97,-500,1255,13.7
402,10/26/2021,17:00,OL46,"Cugenang, Kab. Cianjur",8.36,5.04,23.3,13.8,28.6,1,0.1,0,0,3.02,18.12,0,21,13.63,-500,1256,13.7
403,10/26/2021,18:00,OL46,"Cugenang, Kab. Cianjur",8.18,5.01,23.5,12.6,27.6,1,0.1,0,0,2.98,16.42,0,15,13.44,-500,1256,13.65
404,10/26/2021,19:00,OL46,"Cugenang, Kab. Cianjur",8.22,5.01,23.5,12.7,26.9,1,0.1,0,0,3.04,15.17,0,19,13.68,-500,1256,13.65
405,10/26/2021,20:00,OL46,"Cugenang, Kab. Cianjur",8.24,4.91,23.5,12.2,26.3,1,0.1,0,0,3.11,12.95,0,19,14.03,-500,1257,13.6
406,10/26/2021,21:00,OL46,"Cugenang, Kab. Cianjur",8.85,5.63,24.6,39.7,25.8,1,0.1,0,0,5.72,68.52,0,20,25.8,-500,1257,13.6
407,10/26/2021,22:00,OL46,"Cugenang, Kab. Cianjur",8.54,5.55,24.9,58.1,25.4,1,0.1,0,0,7.97,100.97,0,20,35.89,-500,1257,13.55
408,10/26/2021,23:00,OL46,"Cugenang, Kab. Cianjur",8.69,5.53,24.4,61.4,25.1,1,0.1,0,0,8.94,102.38,0,18,40.24,-500,1258,13.55
409,10/27/2021,0:00,OL46,"Cugenang, Kab. Cianjur",8.33,5.47,23.7,49.4,24.9,1,0.1,0,0,8.28,79.73,0,18,37.29,-500,1258,13.5
410,10/27/2021,1:00,OL46,"Cugenang, Kab. Cianjur",8.14,5.65,23.1,41.5,24.4,1,0.1,0,0,7.08,63.41,0,15,31.88,-500,1258,13.5
411,10/27/2021,2:00,OL46,"Cugenang, Kab. Cianjur",8.94,5.69,23,32.7,24.1,1,0.1,0,0,5.89,48.1,0,17,26.55,-500,1259,13.45
412,10/27/2021,3:00,OL46,"Cugenang, Kab. Cianjur",8.18,5.57,23,24.5,23.9,1,0.1,0,0,5.02,33.49,0,19,22.62,-500,1259,13.45
413,10/27/2021,4:00,OL46,"Cugenang, Kab. Cianjur",8.06,5.59,22.9,21.4,23.7,1,0.1,0,0,4.51,26.73,0,19,20.32,-500,1259,13.39
414,10/27/2021,5:00,OL46,"Cugenang, Kab. Cianjur",8.64,5.67,22.7,20.5,23.5,1,0.1,0,0,4.25,23.5,0,19,19.15,-500,1260,13.39
415,10/27/2021,6:00,OL46,"Cugenang, Kab. Cianjur",8.16,5.72,22.8,20.4,23.2,1,0.1,0,0,3.94,19.78,0,15,17.73,-500,1260,13.45
416,10/27/2021,7:00,OL46,"Cugenang, Kab. Cianjur",8.36,5.4,22.9,17.9,23.1,1,0.1,0,0,3.51,15.28,0,19,15.8,-500,1260,13.7
417,10/27/2021,8:00,OL46,"Cugenang, Kab. Cianjur",7.69,5.58,23,15,23.1,1,0.1,0,0,3.18,9.72,0,17,14.32,-500,1261,13.7
418,10/27/2021,9:00,OL46,"Cugenang, Kab. Cianjur",8.17,4.76,23.2,14.5,23.4,1,0.1,0,0,3.03,9.69,0,21,13.67,-500,1261,13.7
419,10/27/2021,10:00,OL46,"Cugenang, Kab. Cianjur",8.19,5.04,23,12.8,24.2,1,0.1,0,0,2.91,9.95,0,22,13.1,-500,1261,13.7
420,10/27/2021,11:00,OL46,"Cugenang, Kab. Cianjur",8.23,5.11,22.9,12.8,25.2,1,0.1,0,0,2.78,9.43,0,22,12.53,-500,1262,13.7
421,10/27/2021,12:00,OL46,"Cugenang, Kab. Cianjur",8.03,4.99,22.7,13.7,26.4,1,0.1,0,0,2.72,10.13,0,23,12.24,-500,1262,13.7
422,10/27/2021,13:00,OL46,"Cugenang, Kab. Cianjur",8.3,4.39,22.8,14.1,27.1,1,0.1,0,0,2.78,11.58,0,23,12.51,-500,1262,13.7
423,10/27/2021,14:00,OL46,"Cugenang, Kab. Cianjur",8.09,4.46,22.8,13.9,28,1,0.1,0,0,2.68,10.06,0,20,12.07,-500,1263,13.7
424,10/27/2021,15:00,OL46,"Cugenang, Kab. Cianjur",7.23,4.25,22.9,15.2,28.3,1,0.1,0,0,2.69,13.8,0,21,12.14,-500,1263,13.7
425,10/27/2021,16:00,OL46,"Cugenang, Kab. Cianjur",8.31,4.59,23,11.3,27.5,1,0.1,0,0,2.81,13.51,0,20,12.67,-500,1263,13.7
426,10/27/2021,17:00,OL46,"Cugenang, Kab. Cianjur",8.08,4.93,22.1,27.9,26.3,1,0.1,0,0,4.54,38.03,0,21,20.45,-500,1264,13.65
427,10/27/2021,18:00,OL46,"Cugenang, Kab. Cianjur",8.79,3.96,22.2,18.6,26.5,1,0.1,0,0,4.33,27.07,0,20,19.52,-500,1264,13.6
428,10/27/2021,19:00,OL46,"Cugenang, Kab. Cianjur",8.02,4.09,22.4,18.3,26.4,1,0.1,0,0,4.12,20.97,0,23,18.56,-500,1264,13.6
429,10/27/2021,20:00,OL46,"Cugenang, Kab. Cianjur",8.4,3.28,22.6,18.5,26.4,1,0.1,0,0,3.91,17.09,0,19,17.6,-500,1265,13.55
430,10/27/2021,21:00,OL46,"Cugenang, Kab. Cianjur",8.2,3.64,22.8,16.8,26.2,1,0.1,0,0,3.78,16.91,0,21,17.05,-500,1265,13.55
431,10/27/2021,22:00,OL46,"Cugenang, Kab. Cianjur",8.45,3.34,23.1,16.1,25.9,1,0.1,0,0,3.71,12.32,0,20,16.73,-500,1265,13.5
432,10/27/2021,23:00,OL46,"Cugenang, Kab. Cianjur",7.96,2.9,23,15.7,25.7,1,0.1,0,0,3.62,11.69,0,19,16.33,-500,1266,13.5
433,10/28/2021,0:00,OL46,"Cugenang, Kab. Cianjur",8.16,3.02,23.1,14.7,25.5,1,0.1,0,0,3.59,9.57,0,17,16.17,-500,1266,13.5
434,10/28/2021,1:00,OL46,"Cugenang, Kab. Cianjur",8.54,2.3,23.1,11.1,25.5,1,0.1,0,0,3.51,8.35,0,19,15.83,-500,1266,13.45
435,10/28/2021,2:00,OL46,"Cugenang, Kab. Cianjur",7.96,2.84,23.2,11.4,25.4,1,0.1,0,0,3.47,7.35,0,22,15.62,-500,1267,13.39
436,10/28/2021,3:00,OL46,"Cugenang, Kab. Cianjur",7.41,2.85,23.3,11.6,25.3,1,0.1,0,0,3.42,6.7,0,17,15.41,-500,1267,13.39
437,10/28/2021,4:00,OL46,"Cugenang, Kab. Cianjur",8.41,2.94,23.6,13.9,25.2,1,0.1,0,0,3.39,5.51,0,20,15.27,-500,1267,13.39
438,10/28/2021,5:00,OL46,"Cugenang, Kab. Cianjur",7.26,2.91,23.9,13.7,25.1,1,0.1,0,0,3.37,4.33,0,15,15.17,-500,1268,13.34
439,10/28/2021,6:00,OL46,"Cugenang, Kab. Cianjur",8.69,2.75,24,13.4,25,1,0.1,0,0,3.34,3.86,0,18,15.04,-500,1268,13.39
440,10/28/2021,7:00,OL46,"Cugenang, Kab. Cianjur",7.62,2.54,24.2,10.6,24.9,1,0.1,0,0,3.31,2.92,0,18,14.93,-500,1268,13.7
441,10/28/2021,8:00,OL46,"Cugenang, Kab. Cianjur",7.8,2.2,24.2,9.3,24.9,1,0.1,0,0,3.29,2.68,0,19,14.82,-500,1269,13.7
442,10/28/2021,9:00,OL46,"Cugenang, Kab. Cianjur",8.1,1.82,24,11,24.9,1,0.1,0,0,3.24,2.15,0,15,14.59,-500,1269,13.7
443,10/28/2021,10:00,OL46,"Cugenang, Kab. Cianjur",8.13,1.39,23.4,11.7,25.1,1,0.1,0,0,3.24,1.69,0,21,14.58,-500,1269,13.7
444,10/28/2021,11:00,OL46,"Cugenang, Kab. Cianjur",7.53,1.6,23.2,11.6,25.4,1,0.1,0,0,3.22,1.76,0,21,14.53,-500,1270,13.7
445,10/28/2021,12:00,OL46,"Cugenang, Kab. Cianjur",7.45,1.59,23.2,11.5,25.7,1,0.1,0,0,3.25,1.16,0,21,14.65,-500,1270,13.7
446,10/28/2021,13:00,OL46,"Cugenang, Kab. Cianjur",8.09,5.97,0,8.3,25.9,0,0,0,0,0,66.08,0,20,0,-500,1270,13.7
447,10/28/2021,14:00,OL46,"Cugenang, Kab. Cianjur",8.43,6.23,0,9.3,26.2,0,0,0,0.01,1.15,116.8,0,21,5.19,-500,1271,13.7
448,10/28/2021,15:00,OL46,"Cugenang, Kab. Cianjur",7.68,5.43,20.9,13.7,25.8,1,0.1,0,0,3.66,20.29,0,22,16.49,-500,1271,13.7
449,10/28/2021,16:00,OL46,"Cugenang, Kab. Cianjur",7.95,5.5,21.1,14.7,25.5,1,0.1,0,0,3.74,20,0,20,16.87,-500,1271,13.7
450,10/28/2021,17:00,OL46,"Cugenang, Kab. Cianjur",7.8,4.23,21,10.6,25.8,1,0.1,0,0,3.62,16.07,0,20,16.3,-500,1272,13.7
451,10/28/2021,18:00,OL46,"Cugenang, Kab. Cianjur",7.74,6,14.6,362.3,25,0,0.1,0,0,28.46,591.98,0,20,126.94,-500,1272,13.65
452,10/28/2021,19:00,OL46,"Cugenang, Kab. Cianjur",7.19,5.66,14,297.6,25.2,0,0.1,0,0,26.44,511.35,0,20,117.66,-500,1272,13.65
453,10/28/2021,20:00,OL46,"Cugenang, Kab. Cianjur",7.51,5.27,14,240.4,25.5,0,0.1,0,0,24.8,425.64,0,21,110.01,-500,1273,13.6
454,10/28/2021,21:00,OL46,"Cugenang, Kab. Cianjur",6.94,4.95,13.9,202.1,25.8,0,0.1,0,0,23.7,367.42,0,22,104.07,-500,1273,13.55
455,10/28/2021,22:00,OL46,"Cugenang, Kab. Cianjur",6.79,4.71,13.8,172.5,26,0,0.1,0,0,22.93,331.76,0,21,99.88,-500,1273,13.55
456,10/28/2021,23:00,OL46,"Cugenang, Kab. Cianjur",7.29,4.46,13.8,168.4,26.1,0,0.1,0,0,21.62,263.29,0,19,93.41,-500,1274,13.55
457,10/29/2021,0:00,OL46,"Cugenang, Kab. Cianjur",7.48,4.51,13.9,158.1,26.1,0,0.1,0,0,20.62,243.59,0,16,89.19,-500,1274,13.5
458,10/29/2021,1:00,OL46,"Cugenang, Kab. Cianjur",7.21,4.55,14,150,26,0,0.1,0,0,19.84,224.91,0,20,85.93,-500,1274,13.5
459,10/29/2021,2:00,OL46,"Cugenang, Kab. Cianjur",7.3,4.27,14.1,142.4,25.9,0,0.1,0,0,19.22,207.3,0,16,83.35,-500,1275,13.45
460,10/29/2021,3:00,OL46,"Cugenang, Kab. Cianjur",7.82,4.45,14.2,135.3,25.8,0,0.1,0,0,18.64,194.73,0,17,80.91,-500,1275,13.45
461,10/29/2021,4:00,OL46,"Cugenang, Kab. Cianjur",6.94,4.36,14.2,130.6,25.7,0,0.1,0,0,18.12,183.9,0,14,78.73,-500,1275,13.39
462,10/29/2021,5:00,OL46,"Cugenang, Kab. Cianjur",7.15,4.2,14.4,125.2,25.5,0,0.1,0,0,17.68,173.63,0,20,76.89,-500,1276,13.39
463,10/29/2021,6:00,OL46,"Cugenang, Kab. Cianjur",7.15,4.02,14.3,120.5,25.3,0,0.1,0,0,17.23,163.96,0,19,75,-500,1276,13.5
464,10/29/2021,7:00,OL46,"Cugenang, Kab. Cianjur",6.77,3.74,14.4,113.5,25.2,0,0.1,0,0,16.83,156.57,0,16,73.3,-500,1276,13.7
465,10/29/2021,8:00,OL46,"Cugenang, Kab. Cianjur",7.23,3.58,14.5,107.4,25.1,0,0.1,0,0,16.48,147.95,0,20,71.85,-500,1277,13.7
466,10/29/2021,9:00,OL46,"Cugenang, Kab. Cianjur",7.94,3.39,14.5,101.3,25.1,0,0.1,0,0,16.12,140.96,0,18,70.35,-500,1277,13.7
467,10/29/2021,10:00,OL46,"Cugenang, Kab. Cianjur",7.46,2.7,14.5,88.4,25.2,0,0.1,0,0,15.84,135.47,0,18,69.17,-500,1277,13.7
468,10/29/2021,11:00,OL46,"Cugenang, Kab. Cianjur",7.42,2.2,14.5,74.6,25.5,0,0.1,0,0,15.5,130.67,0,20,67.73,-500,1278,13.7
469,10/29/2021,12:00,OL46,"Cugenang, Kab. Cianjur",7.75,1.77,14.5,62.9,25.8,0,0.1,0,0,15.2,124.14,0,21,66.48,-500,1278,13.7
470,10/29/2021,13:00,OL46,"Cugenang, Kab. Cianjur",7.56,1.46,14.4,49.8,26.2,0,0.1,0,0,15.01,122.35,0,21,65.68,-500,1278,13.7
471,10/29/2021,14:00,OL46,"Cugenang, Kab. Cianjur",7.63,1.43,14.3,45.9,26.7,0,0.1,0,0,14.75,119.35,0,18,64.59,-500,1279,13.7
472,10/29/2021,15:00,OL46,"Cugenang, Kab. Cianjur",7.65,1.44,14.3,44.6,27.3,0,0.1,0,0,14.45,110.72,0,18,63.33,-500,1279,13.7
473,10/29/2021,16:00,OL46,"Cugenang, Kab. Cianjur",7.32,2.86,14.3,77.9,27.5,0,0.1,0,0,13.93,103.38,0,21,61.16,-500,1279,13.7
474,10/29/2021,17:00,OL46,"Cugenang, Kab. Cianjur",7.52,3.21,14.4,79.9,27.3,0,0.1,0,0,13.57,98.16,0,23,59.64,-500,1280,13.65
475,10/29/2021,18:00,OL46,"Cugenang, Kab. Cianjur",7.62,3.45,14.8,79.9,27,0,0.1,0,0,13.35,94.14,0,21,58.71,-500,1280,13.65
476,10/29/2021,19:00,OL46,"Cugenang, Kab. Cianjur",7.67,3.06,15,78.3,26.7,0,0.1,0,0,13.12,89.4,0,21,57.75,-500,1280,13.6
477,10/29/2021,20:00,OL46,"Cugenang, Kab. Cianjur",7.26,2.98,15.1,74.7,26.4,0,0.1,0,0,12.9,84.9,0,16,56.83,-500,1281,13.6
478,10/29/2021,21:00,OL46,"Cugenang, Kab. Cianjur",7.61,3.07,15.1,73.5,26,0,0.1,0,0,12.7,81.57,0,16,55.98,-500,1281,13.55
479,10/29/2021,22:00,OL46,"Cugenang, Kab. Cianjur",7.48,3.2,15,72.3,25.7,0,0.1,0,0,12.48,78.22,0,19,55.05,-500,1281,13.55
480,10/29/2021,23:00,OL46,"Cugenang, Kab. Cianjur",7.92,3.36,15,70.3,25.3,0,0.1,0,0,12.32,74.32,0,14,54.41,-500,1282,13.5
481,10/30/2021,0:00,OL46,"Cugenang, Kab. Cianjur",7.18,3.19,15,68.6,24.9,0,0.1,0,0,12.15,71.98,0,12,53.7,-500,1282,13.5
482,10/30/2021,1:00,OL46,"Cugenang, Kab. Cianjur",7.49,3.27,15.1,67.5,24.6,0,0.1,0,0,11.99,69,0,15,53,-500,1282,13.45
483,10/30/2021,2:00,OL46,"Cugenang, Kab. Cianjur",7.28,3.3,15.2,66.9,24.3,0,0.1,0,0,11.83,66.68,0,19,52.36,-500,1283,13.45
484,10/30/2021,3:00,OL46,"Cugenang, Kab. Cianjur",7.75,3.37,15.2,65.2,24,0,0.1,0,0,11.68,64.09,0,17,51.7,-500,1283,13.39
485,10/30/2021,4:00,OL46,"Cugenang, Kab. Cianjur",7.95,3.37,15.3,64.5,23.7,0,0.1,0,0,11.56,61.53,0,19,51.23,-500,1283,13.39
486,10/30/2021,5:00,OL46,"Cugenang, Kab. Cianjur",7.77,3.48,15.2,64,23.5,0,0.1,0,0,11.4,59.28,0,16,50.55,-500,1284,13.34
487,10/30/2021,6:00,OL46,"Cugenang, Kab. Cianjur",8.04,3.41,15.3,60.8,23.3,0,0.1,0,0,11.29,57.71,0,20,50.07,-500,1284,13.39
488,10/30/2021,7:00,OL46,"Cugenang, Kab. Cianjur",8.17,3.43,15.3,50.6,23.2,0,0.1,0,0,11.2,56.38,0,18,49.71,-500,1284,13.7
489,10/30/2021,8:00,OL46,"Cugenang, Kab. Cianjur",7.65,3,15.2,39.5,23.4,0,0.1,0,0,11.08,54.78,0,17,49.19,-500,1285,13.7
490,10/30/2021,9:00,OL46,"Cugenang, Kab. Cianjur",7.95,6.55,0,7.8,23.6,0,0,0,0,0,59.22,0,19,0,-500,1285,13.7
491,10/30/2021,10:00,OL46,"Cugenang, Kab. Cianjur",7.87,6.28,22,23.9,23.2,1,0.1,0,0,3.39,28.25,0,24,15.26,-500,1285,13.7
492,10/30/2021,11:00,OL46,"Cugenang, Kab. Cianjur",8.61,6.14,22,21.9,24.1,1,0.1,0,0,3.36,25.68,0,23,15.15,-500,1286,13.7
493,10/30/2021,12:00,OL46,"Cugenang, Kab. Cianjur",8.28,6,21.6,19.8,25.5,1,0.1,0,0,3.24,25.9,0,22,14.58,-500,1286,13.7
494,10/30/2021,13:00,OL46,"Cugenang, Kab. Cianjur",8.09,5.79,21.6,15.3,26.7,1,0.1,0,0,2.81,16.1,0,21,12.65,-500,1286,13.7
495,10/30/2021,14:00,OL46,"Cugenang, Kab. Cianjur",8.39,5.57,21.6,13.7,27.8,1,0.1,0,0,2.54,12.51,0,21,11.46,-500,1287,13.7
496,10/30/2021,15:00,OL46,"Cugenang, Kab. Cianjur",8.2,5.66,21.8,14.4,28.2,1,0.1,0,0,2.54,13.14,0,23,11.46,-500,1287,13.7
497,10/30/2021,16:00,OL46,"Cugenang, Kab. Cianjur",8.1,5.65,22,14.6,27.9,1,0.1,0,0,2.7,15.12,0,22,12.15,-500,1287,13.7
498,10/30/2021,17:00,OL46,"Cugenang, Kab. Cianjur",8.49,5.55,22.3,13.6,27.5,1,0.1,0,0,2.71,12.95,0,20,12.19,-500,1288,13.7
499,10/30/2021,18:00,OL46,"Cugenang, Kab. Cianjur",8.96,5.5,22.3,12.8,26.8,1,0.1,0,0,2.66,10.13,0,18,11.97,-500,1288,13.65
500,10/30/2021,19:00,OL46,"Cugenang, Kab. Cianjur",8.36,5.9,19.6,57.4,25.5,0,0.1,0,0,7.89,87.9,0,21,35.56,-500,1288,13.65
501,10/30/2021,20:00,OL46,"Cugenang, Kab. Cianjur",8.07,5.97,18.4,63.9,25,0,0.1,0,0,9.3,92.29,0,20,41.72,-500,1289,13.6
502,10/30/2021,21:00,OL46,"Cugenang, Kab. Cianjur",8.63,5.55,18.3,94,25,0,0.1,0,0,13.99,201.52,0,18,61.39,-500,1289,13.55
503,10/30/2021,22:00,OL46,"Cugenang, Kab. Cianjur",8.42,4.63,18.3,83.5,25.4,0,0.1,0,0,12.19,124.78,0,19,53.84,-500,1289,13.55
504,10/30/2021,23:00,OL46,"Cugenang, Kab. Cianjur",7.46,4.9,18.4,58.7,25.7,0,0.1,0,0,11.26,105.35,0,20,49.96,-500,1290,13.55
505,10/31/2021,0:00,OL46,"Cugenang, Kab. Cianjur",7.36,4.78,18.4,56.2,25.9,0,0.1,0,0,10.7,96.48,0,20,47.59,-500,1290,13.5
506,10/31/2021,1:00,OL46,"Cugenang, Kab. Cianjur",8.03,4.61,18.6,54.9,26,0,0.1,0,0,10.27,85.15,0,21,45.79,-500,1290,13.5
507,10/31/2021,2:00,OL46,"Cugenang, Kab. Cianjur",7.88,4.42,18.6,51,26,0,0.1,0,0,9.93,75.53,0,18,44.37,-500,1291,13.45
508,10/31/2021,3:00,OL46,"Cugenang, Kab. Cianjur",7.81,4.29,18.8,49.6,26,0,0.1,0,0,9.63,69.7,0,21,43.09,-500,1291,13.45
509,10/31/2021,4:00,OL46,"Cugenang, Kab. Cianjur",8.18,4.11,19.2,48.6,25.9,0,0.1,0,0,9.31,63.73,0,21,41.76,-500,1291,13.39
510,10/31/2021,5:00,OL46,"Cugenang, Kab. Cianjur",7.64,3.95,19.7,46.3,25.8,0,0.1,0,0,9.11,59.46,0,22,40.95,-500,1292,13.39
511,10/31/2021,6:00,OL46,"Cugenang, Kab. Cianjur",7.91,3.81,20,45,25.7,0,0.1,0,0,8.91,55.89,0,20,40.11,-500,1292,13.45
512,10/31/2021,7:00,OL46,"Cugenang, Kab. Cianjur",7.62,3.78,20.3,40.9,25.6,0,0.1,0,0,8.76,52.23,0,18,39.48,-500,1292,13.7
513,10/31/2021,8:00,OL46,"Cugenang, Kab. Cianjur",7.92,3.65,20.4,37.4,25.6,1,0.1,0,0,8.58,49.2,0,18,38.66,-500,1293,13.7
514,10/31/2021,9:00,OL46,"Cugenang, Kab. Cianjur",8.24,3.53,20.5,30.3,25.6,1,0.1,0,0,8.41,47.04,0,21,37.9,-500,1293,13.7
515,10/31/2021,10:00,OL46,"Cugenang, Kab. Cianjur",7.53,2.79,20.5,24.8,25.8,1,0.1,0,0,8.3,45.17,0,18,37.4,-500,1293,13.7
516,10/31/2021,11:00,OL46,"Cugenang, Kab. Cianjur",7.82,2.4,20.3,28.2,26,1,0.1,0,0,8.13,44.33,0,22,36.64,-500,1294,13.7
517,10/31/2021,12:00,OL46,"Cugenang, Kab. Cianjur",7.63,2.26,20.3,33,26.4,1,0.1,0,0,7.96,41.74,0,23,35.89,-500,1294,13.7
518,10/31/2021,13:00,OL46,"Cugenang, Kab. Cianjur",7.49,2.23,19.6,34.4,26.9,0,0.1,0,0,7.85,40.01,0,21,35.38,-500,1294,13.7
519,10/31/2021,14:00,OL46,"Cugenang, Kab. Cianjur",7.71,2.16,19.3,33,27.3,0,0.1,0,0,7.69,37.13,0,16,34.64,-500,1295,13.7
520,10/31/2021,15:00,OL46,"Cugenang, Kab. Cianjur",7.77,2.06,19.3,32.1,27.7,0,0.1,0,0,7.53,36.1,0,19,33.93,-500,1295,13.7
521,10/31/2021,16:00,OL46,"Cugenang, Kab. Cianjur",7.93,2.03,19.7,27.7,27.8,0,0.1,0,0,7.38,34,0,18,33.24,-500,1295,13.65
522,10/31/2021,17:00,OL46,"Cugenang, Kab. Cianjur",7.94,2.37,20.5,26.8,27.9,1,0.1,0,0,7.31,33.67,0,21,32.94,-500,1296,13.65
523,10/31/2021,18:00,OL46,"Cugenang, Kab. Cianjur",7.96,2.52,21,28.5,27.8,1,0.1,0,0,7.14,32.1,0,23,32.17,-500,1296,13.6
524,10/31/2021,19:00,OL46,"Cugenang, Kab. Cianjur",7.95,2.66,21.3,27.6,27.7,1,0.1,0,0,7.13,30.67,0,25,32.11,-500,1296,13.55
525,10/31/2021,20:00,OL46,"Cugenang, Kab. Cianjur",7.71,2.57,21.5,29.2,27.6,1,0.1,0,0,7.08,29.52,0,22,31.9,-500,1297,13.55
526,10/31/2021,21:00,OL46,"Cugenang, Kab. Cianjur",8.02,2.63,21.9,28.9,27.4,1,0.1,0,0,6.98,27.96,0,23,31.47,-500,1297,13.55
527,10/31/2021,22:00,OL46,"Cugenang, Kab. Cianjur",7.88,2.75,22,29.6,27.2,1,0.1,0,0,6.96,26.64,0,21,31.35,-500,1297,13.5
528,10/31/2021,23:00,OL46,"Cugenang, Kab. Cianjur",7.68,2.67,22,28.4,27.1,1,0.1,0,0,6.89,25.78,0,20,31.07,-500,1298,13.5
529,11/1/2021,0:00,OL46,"Cugenang, Kab. Cianjur",7.45,2.67,22.2,28.2,26.8,1,0.1,0,0,6.82,24.05,0,18,30.72,-500,1298,13.45
530,11/1/2021,1:00,OL46,"Cugenang, Kab. Cianjur",8.06,2.69,22.4,28,26.6,1,0.1,0,0,6.78,23.55,0,20,30.55,-500,1298,13.45
531,11/1/2021,2:00,OL46,"Cugenang, Kab. Cianjur",7.76,2.7,22.4,27.5,26.4,1,0.1,0,0,6.76,22.36,0,13,30.44,-500,1299,13.39
532,11/1/2021,3:00,OL46,"Cugenang, Kab. Cianjur",7.45,2.7,22.4,27.5,26.2,1,0.1,0,0,6.7,21.86,0,17,30.19,-500,1299,13.39
533,11/1/2021,4:00,OL46,"Cugenang, Kab. Cianjur",8.08,2.68,22.6,27.4,25.9,1,0.1,0,0,6.67,20.41,0,21,30.04,-500,1299,13.34
534,11/1/2021,5:00,OL46,"Cugenang, Kab. Cianjur",7.82,2.69,22.6,25.9,25.7,1,0.1,0,0,6.64,19.94,0,20,29.91,-500,1300,13.34
535,11/1/2021,6:00,OL46,"Cugenang, Kab. Cianjur",7.97,2.74,22.6,24.5,25.5,1,0.1,0,0,6.61,19.24,0,19,29.78,-500,1300,13.39
536,11/1/2021,7:00,OL46,"Cugenang, Kab. Cianjur",7.62,2.79,22.5,24.7,25.4,1,0.1,0,0,6.59,18.24,0,17,29.7,-500,1300,13.7
537,11/1/2021,8:00,OL46,"Cugenang, Kab. Cianjur",7.82,6.42,0,8.5,23.8,0,0,0,0,0,66,0,21,0,-500,1301,13.7
538,11/1/2021,9:00,OL46,"Cugenang, Kab. Cianjur",7.97,6.48,0,8.3,24,0,0,0,0,0,67.67,0,20,0,-500,1301,13.7
539,11/1/2021,10:00,OL46,"Cugenang, Kab. Cianjur",8.57,5.57,22,14,23.8,1,0.1,0,0,2.99,11.62,0,20,13.46,-500,1301,13.7
540,11/1/2021,11:00,OL46,"Cugenang, Kab. Cianjur",8.6,5.53,21.8,14.8,24.8,1,0.1,0,0,2.95,12.91,0,20,13.3,-500,1302,13.7
541,11/1/2021,12:00,OL46,"Cugenang, Kab. Cianjur",8.64,5.53,21.7,20,26.1,1,0.1,0,0,3.27,22.65,0,20,14.73,-500,1302,13.7
542,11/1/2021,13:00,OL46,"Cugenang, Kab. Cianjur",8.37,5.53,20.8,374.2,25.9,1,0.1,0,0.01,28.21,591.52,0,22,125.75,-500,1302,13.7
543,11/1/2021,14:00,OL46,"Cugenang, Kab. Cianjur",9.16,5.35,21,206,26.5,1,0.1,0,0,19.88,346.79,0,21,86.12,-500,1303,13.7
544,11/1/2021,15:00,OL46,"Cugenang, Kab. Cianjur",7.89,5.53,21.2,82,26.1,1,0.1,0,0,10.71,141.7,0,21,47.63,-500,1303,13.7
545,11/1/2021,16:00,OL46,"Cugenang, Kab. Cianjur",8.82,5.74,21.5,43.2,25.6,1,0.1,0,0,6.42,62.41,0,19,28.95,-500,1303,13.7
546,11/1/2021,17:00,OL46,"Cugenang, Kab. Cianjur",8.37,5.87,21.6,42.4,25.2,1,0.1,0,0,5.86,56.94,0,15,26.41,-500,1304,13.65
547,11/1/2021,18:00,OL46,"Cugenang, Kab. Cianjur",7.96,5.9,20.9,46.2,24.9,1,0.1,0,0,6.49,69.05,0,22,29.22,-500,1304,13.65
548,11/1/2021,19:00,OL46,"Cugenang, Kab. Cianjur",7.97,6.02,19.9,66.5,24.6,0,0.1,0,0,8.53,106.89,0,18,38.44,-500,1304,13.6
549,11/1/2021,20:00,OL46,"Cugenang, Kab. Cianjur",7.62,6.16,19.7,65.2,24.3,0,0.1,0,0,8.4,102.31,0,17,37.85,-500,1305,13.55
550,11/1/2021,21:00,OL46,"Cugenang, Kab. Cianjur",7.19,6.1,19.9,53,24.1,0,0.1,0,0,7.1,75.88,0,21,31.99,-500,1305,13.55
551,11/1/2021,22:00,OL46,"Cugenang, Kab. Cianjur",8.14,6,20.2,42.6,24,0,0.1,0,0,6,58.35,0,18,27.06,-500,1305,13.55
552,11/1/2021,23:00,OL46,"Cugenang, Kab. Cianjur",8.31,6.12,20.6,35.3,23.8,1,0.1,0,0,5.21,42.91,0,19,23.46,-500,1306,13.5
553,11/2/2021,0:00,OL46,"Cugenang, Kab. Cianjur",7.64,6.14,20.9,30.6,23.7,1,0.1,0,0,4.53,34.3,0,21,20.41,-500,1306,13.5
554,11/2/2021,1:00,OL46,"Cugenang, Kab. Cianjur",7.33,6.14,21.3,30,23.4,1,0.1,0,0,4.06,29.76,0,20,18.3,-500,1306,13.45
555,11/2/2021,2:00,OL46,"Cugenang, Kab. Cianjur",8.54,6.02,21.5,26.8,23.3,1,0.1,0,0,3.7,22.51,0,20,16.67,-500,1307,13.45
556,11/2/2021,3:00,OL46,"Cugenang, Kab. Cianjur",8.06,6.12,21.7,23.6,23.1,1,0.1,0,0,3.31,19.93,0,17,14.92,-500,1307,13.39
557,11/2/2021,4:00,OL46,"Cugenang, Kab. Cianjur",8.61,6.11,21.7,22.4,23,1,0.1,0,0,3.1,14.8,0,17,13.98,-500,1307,13.39
558,11/2/2021,5:00,OL46,"Cugenang, Kab. Cianjur",8.18,5.95,21.7,20.8,22.9,1,0.1,0,0,2.92,12.35,0,19,13.14,-500,1308,13.34
559,11/2/2021,6:00,OL46,"Cugenang, Kab. Cianjur",7.49,6.01,22,21.4,22.7,1,0.1,0,0,2.77,11.8,0,20,12.46,-500,1308,13.45
560,11/2/2021,7:00,OL46,"Cugenang, Kab. Cianjur",7.25,5.95,22.1,19.4,22.7,1,0.1,0,0,2.65,8.7,0,17,11.94,-500,1308,13.7
561,11/2/2021,8:00,OL46,"Cugenang, Kab. Cianjur",7.43,5.63,22.3,20,22.8,1,0.1,0,0,2.67,10.59,0,15,12.01,-500,1309,13.7
562,11/2/2021,9:00,OL46,"Cugenang, Kab. Cianjur",8.09,5.77,22.2,19.4,23.1,1,0.1,0,0,2.6,9.59,0,22,11.71,-500,1309,13.7
563,11/2/2021,10:00,OL46,"Cugenang, Kab. Cianjur",8.12,5.62,22.1,20.1,23.9,1,0.1,0,0,2.73,11.98,0,18,12.31,-500,1309,13.7
564,11/2/2021,11:00,OL46,"Cugenang, Kab. Cianjur",7.19,5.06,22.1,19.3,25,1,0.1,0,0,2.74,13.8,0,17,12.34,-500,1310,13.7
565,11/2/2021,12:00,OL46,"Cugenang, Kab. Cianjur",8.13,4.48,22.1,22.8,25.7,1,0.1,0,0,3.08,16.3,0,19,13.9,-500,1310,13.7
566,11/2/2021,13:00,OL46,"Cugenang, Kab. Cianjur",8.15,5.83,21.9,30.3,26,1,0.1,0,0,3.99,30.18,0,19,17.96,-500,1310,13.7
567,11/2/2021,14:00,OL46,"Cugenang, Kab. Cianjur",7.88,5.37,22,25.6,26.8,1,0.1,0,0,3.59,23.54,0,15,16.18,-500,1311,13.7
568,11/2/2021,15:00,OL46,"Cugenang, Kab. Cianjur",8.6,5.66,22,34.9,26.8,1,0.1,0,0,4.38,39.71,0,19,19.74,-500,1311,13.7
569,11/2/2021,16:00,OL46,"Cugenang, Kab. Cianjur",8.16,5.21,22.3,28.5,26,1,0.1,0,0,3.77,26.6,0,19,16.97,-500,1311,13.7
570,11/2/2021,17:00,OL46,"Cugenang, Kab. Cianjur",8.25,5.49,21.9,35.2,25.4,1,0.1,0,0,4.77,37.26,0,20,21.5,-500,1312,13.65
571,11/2/2021,18:00,OL46,"Cugenang, Kab. Cianjur",7.92,6.02,21.5,53.4,24.9,1,0.1,0,0,6.78,71.15,0,19,30.55,-500,1312,13.6
572,11/2/2021,19:00,OL46,"Cugenang, Kab. Cianjur",8.22,6.05,21.3,59.5,24.5,1,0.1,0,0,7.3,79.42,0,18,32.9,-500,1312,13.6
573,11/2/2021,20:00,OL46,"Cugenang, Kab. Cianjur",7.86,6.06,20.2,70.1,24.1,0,0.1,0,0,8.7,97.46,0,18,39.18,-500,1313,13.55
574,11/2/2021,21:00,OL46,"Cugenang, Kab. Cianjur",8.27,6.07,19.9,81.9,23.9,0,0.1,0,0,9.6,113.98,0,20,42.99,-500,1313,13.55
575,11/2/2021,22:00,OL46,"Cugenang, Kab. Cianjur",7.67,6.01,20.3,70.4,23.8,0,0.1,0,0,9.11,100.32,0,15,40.93,-500,1313,13.55
576,11/2/2021,23:00,OL46,"Cugenang, Kab. Cianjur",7.75,5.95,20.4,60.1,23.6,0,0.1,0,0,8.31,82.9,0,19,37.44,-500,1314,13.5
577,11/3/2021,0:00,OL46,"Cugenang, Kab. Cianjur",8.3,5.91,20.3,50.7,23.4,0,0.1,0,0,7.44,63.3,0,15,33.5,-500,1314,13.5
578,11/3/2021,1:00,OL46,"Cugenang, Kab. Cianjur",7.27,5.86,20.3,43.3,23.2,0,0.1,0,0,6.38,46.77,0,16,28.77,-500,1314,13.45
579,11/3/2021,2:00,OL46,"Cugenang, Kab. Cianjur",7.41,5.74,20.5,35.9,23,1,0.1,0,0,5.48,33.14,0,18,24.69,-500,1315,13.45
580,11/3/2021,3:00,OL46,"Cugenang, Kab. Cianjur",8.14,5.81,20.8,33.8,22.8,1,0.1,0,0,4.77,24.21,0,19,21.5,-500,1315,13.39
581,11/3/2021,4:00,OL46,"Cugenang, Kab. Cianjur",7.88,5.6,21,30.5,22.7,1,0.1,0,0,4.2,17.35,0,16,18.92,-500,1315,13.39
582,11/3/2021,5:00,OL46,"Cugenang, Kab. Cianjur",7.43,6.08,21.1,32.4,22.5,1,0.1,0,0,3.9,16.9,0,15,17.56,-500,1316,13.34
583,11/3/2021,6:00,OL46,"Cugenang, Kab. Cianjur",8.02,6.05,21.4,29.9,22.4,1,0.1,0,0,3.43,11.02,0,16,15.44,-500,1316,13.39
584,11/3/2021,7:00,OL46,"Cugenang, Kab. Cianjur",8.48,6.17,21.6,33.6,22.3,1,0.1,0,0,3.58,18.1,0,18,16.11,-500,1316,13.7
585,11/3/2021,8:00,OL46,"Cugenang, Kab. Cianjur",7.81,5.62,21.7,28.3,22.3,1,0.1,0,0,3.06,9.48,0,13,13.8,-500,1317,13.7
586,11/3/2021,9:00,OL46,"Cugenang, Kab. Cianjur",7.9,5.33,21.9,26.1,22.6,1,0.1,0,0,2.8,6.4,0,20,12.6,-500,1317,13.7
587,11/3/2021,10:00,OL46,"Cugenang, Kab. Cianjur",7.9,4.44,21.8,23.7,23.3,1,0.1,0,0,2.65,6.05,0,17,11.94,-500,1317,13.7
588,11/3/2021,11:00,OL46,"Cugenang, Kab. Cianjur",8.22,3.54,21.9,24.6,24.3,1,0.1,0,0,2.85,9.08,0,18,12.83,-500,1318,13.7
589,11/3/2021,12:00,OL46,"Cugenang, Kab. Cianjur",7.78,3.31,21.8,25.3,25.3,1,0.1,0,0,2.98,10.11,0,16,13.43,-500,1318,13.7
590,11/3/2021,13:00,OL46,"Cugenang, Kab. Cianjur",7.71,4.35,21.9,28.2,26.1,1,0.1,0,0,3.03,14.29,0,22,13.66,-500,1318,13.7
591,11/3/2021,14:00,OL46,"Cugenang, Kab. Cianjur",7.59,4.6,21.8,28,26.9,1,0.1,0,0,2.85,13.65,0,20,12.85,-500,1319,13.7
592,11/3/2021,15:00,OL46,"Cugenang, Kab. Cianjur",7.55,4.39,22,27,26.8,1,0.1,0,0,2.87,12.24,0,21,12.94,-500,1319,13.7
593,11/3/2021,16:00,OL46,"Cugenang, Kab. Cianjur",8.64,5.53,22,24.7,26.7,1,0.1,0,0,2.69,8.81,0,20,12.13,-500,1319,13.7
594,11/3/2021,17:00,OL46,"Cugenang, Kab. Cianjur",8.09,5.69,21.3,36.8,26,1,0.1,0,0,3.76,28.58,0,19,16.95,-500,1320,13.7
595,11/3/2021,18:00,OL46,"Cugenang, Kab. Cianjur",8.12,5.84,19.3,85.5,25.4,0,0.1,0,0,8.87,104.46,0,17,39.94,-500,1320,13.65
596,11/3/2021,19:00,OL46,"Cugenang, Kab. Cianjur",7.31,5.74,17.3,158.9,25,0,0.1,0,0,15.08,255.5,0,16,65.94,-500,1320,13.6
597,11/3/2021,20:00,OL46,"Cugenang, Kab. Cianjur",7.46,5.74,16.5,208.1,24.7,0,0.1,0,0,18.93,354.98,0,20,82.11,-500,1321,13.6
598,11/3/2021,21:00,OL46,"Cugenang, Kab. Cianjur",7.36,5.81,17.2,175.6,24.4,0,0.1,0,0,16.74,298.97,0,21,72.95,-500,1321,13.55
599,11/3/2021,22:00,OL46,"Cugenang, Kab. Cianjur",7.79,5.87,18.8,121.6,24.2,0,0.1,0,0,12.51,199.12,0,22,55.21,-500,1321,13.55
600,11/3/2021,23:00,OL46,"Cugenang, Kab. Cianjur",7.05,5.8,19.9,95.1,23.9,0,0.1,0,0,9.59,128.42,0,21,42.94,-500,1322,13.5
601,11/4/2021,0:00,OL46,"Cugenang, Kab. Cianjur",8.38,5.92,20.5,75.7,23.7,1,0.1,0,0,7.4,88.76,0,22,33.33,-500,1322,13.5
602,11/4/2021,1:00,OL46,"Cugenang, Kab. Cianjur",7.94,5.71,20.8,61.4,23.6,1,0.1,0,0,5.93,62.78,0,20,26.71,-500,1322,13.45
603,11/4/2021,2:00,OL46,"Cugenang, Kab. Cianjur",7.06,5.66,20.9,59.8,23.5,1,0.1,0,0,5.54,55.8,0,20,24.96,-500,1323,13.45
604,11/4/2021,3:00,OL46,"Cugenang, Kab. Cianjur",7.43,5.49,21.2,55.3,23.3,1,0.1,0,0,4.82,42.11,0,16,21.74,-500,1323,13.45
605,11/4/2021,4:00,OL46,"Cugenang, Kab. Cianjur",8.52,5.6,21.5,49.7,23.1,1,0.1,0,0,4.12,30.63,0,14,18.54,-500,1323,13.39
606,11/4/2021,5:00,OL46,"Cugenang, Kab. Cianjur",6.79,5.47,21.7,45.5,23.1,1,0.1,0,0,3.58,20.86,0,18,16.13,-500,1324,13.39
607,11/4/2021,6:00,OL46,"Cugenang, Kab. Cianjur",7.9,5.57,21.8,42.6,23,1,0.1,0,0,3.16,16.13,0,22,14.25,-500,1324,13.5
608,11/4/2021,7:00,OL46,"Cugenang, Kab. Cianjur",7.28,5.41,22,41.6,23,1,0.1,0,0,2.92,12.96,0,21,13.15,-500,1324,13.7
609,11/4/2021,8:00,OL46,"Cugenang, Kab. Cianjur",7.55,5.32,22.3,39.5,23.1,1,0.1,0,0,2.88,13.2,0,18,12.99,-500,1325,13.7
610,11/4/2021,9:00,OL46,"Cugenang, Kab. Cianjur",7.92,6.43,0,6.8,24.4,0,0,0,0,1.47,44.04,0,19,6.6,-500,1325,13.7
611,11/4/2021,10:00,OL46,"Cugenang, Kab. Cianjur",8.07,6.29,0,8.1,25.4,0,0,0,0,0.74,60.91,0,16,3.32,-500,1325,13.7
612,11/4/2021,11:00,OL46,"Cugenang, Kab. Cianjur",8.26,6.02,22.2,16.7,25.3,1,0.1,0,0,3.04,24.16,0,21,13.71,-500,1326,13.7
613,11/4/2021,12:00,OL46,"Cugenang, Kab. Cianjur",7.68,5.74,22.3,14.4,26.4,1,0.1,0,0,3.14,22.26,0,20,14.13,-500,1326,13.7
614,11/4/2021,13:00,OL46,"Cugenang, Kab. Cianjur",8.12,5.87,22.2,30.6,26.8,1,0.1,0,0,4.53,52.18,0,20,20.39,-500,1326,13.7
615,11/4/2021,14:00,OL46,"Cugenang, Kab. Cianjur",9.65,5.72,22.3,31.1,26.6,1,0.1,0,0,4.69,47.38,0,19,21.13,-500,1327,13.7
616,11/4/2021,15:00,OL46,"Cugenang, Kab. Cianjur",8.57,5.73,22.5,32,26.4,1,0.1,0,0,4.98,50.24,0,21,22.42,-500,1327,13.7
617,11/4/2021,16:00,OL46,"Cugenang, Kab. Cianjur",8.31,5.22,20.7,180.7,26.7,1,0.1,0,0,19.21,310.96,0,15,83.32,-500,1327,13.7
618,11/4/2021,17:00,OL46,"Cugenang, Kab. Cianjur",8.29,5.06,20.8,123.5,26.7,1,0.1,0,0,16.45,200.82,0,17,71.74,-500,1328,13.65
619,11/4/2021,18:00,OL46,"Cugenang, Kab. Cianjur",7.96,5.21,20.8,92.7,26.7,1,0.1,0,0,15.04,166.46,0,21,65.82,-500,1328,13.65
620,11/4/2021,19:00,OL46,"Cugenang, Kab. Cianjur",8.25,5.08,20.9,93.7,26.7,1,0.1,0,0,14.06,142.37,0,19,61.69,-500,1328,13.6
621,11/4/2021,20:00,OL46,"Cugenang, Kab. Cianjur",8.15,4.78,20.9,86.2,26.6,1,0.1,0,0,13.57,127.53,0,16,59.64,-500,1329,13.55
622,11/4/2021,21:00,OL46,"Cugenang, Kab. Cianjur",7.87,4.75,21,85.2,26.6,1,0.1,0,0,13.39,126.46,0,13,58.9,-500,1329,13.55
623,11/4/2021,22:00,OL46,"Cugenang, Kab. Cianjur",7.57,4.46,20.9,92.1,26.5,1,0.1,0,0,13.57,132.19,0,12,59.64,-500,1329,13.55
624,11/4/2021,23:00,OL46,"Cugenang, Kab. Cianjur",8.57,4.69,20.9,92.8,26.4,1,0.1,0,0,13.55,132.38,0,14,59.56,-500,1330,13.5
625,11/5/2021,0:00,OL46,"Cugenang, Kab. Cianjur",8.11,4.42,20.9,87.9,26.3,1,0.1,0,0,13.32,127.05,0,17,58.6,-500,1330,13.5
626,11/5/2021,1:00,OL46,"Cugenang, Kab. Cianjur",8.18,4.6,21,83.9,26.1,1,0.1,0,0,13.05,123.22,0,17,57.45,-500,1330,13.45
627,11/5/2021,2:00,OL46,"Cugenang, Kab. Cianjur",7.61,4.59,21,83.1,26,1,0.1,0,0,12.83,116.38,0,17,56.53,-500,1331,13.45
628,11/5/2021,3:00,OL46,"Cugenang, Kab. Cianjur",7.39,4.54,21,79.1,25.8,1,0.1,0,0,12.5,113.93,0,20,55.13,-500,1331,13.39
629,11/5/2021,4:00,OL46,"Cugenang, Kab. Cianjur",7.53,4.38,21.1,76.9,25.7,1,0.1,0,0,12.3,109.3,0,17,54.33,-500,1331,13.39
630,11/5/2021,5:00,OL46,"Cugenang, Kab. Cianjur",7.66,4.48,21.1,75.4,25.5,1,0.1,0,0,12.07,102.42,0,15,53.34,-500,1332,13.34
631,11/5/2021,6:00,OL46,"Cugenang, Kab. Cianjur",7.74,4.39,21.1,73.8,25.3,1,0.1,0,0,11.84,96.74,0,17,52.38,-500,1332,13.39
632,11/5/2021,7:00,OL46,"Cugenang, Kab. Cianjur",7.73,4.23,21.2,71.6,25.1,1,0.1,0,0,11.66,93.23,0,18,51.64,-500,1332,13.7
633,11/5/2021,8:00,OL46,"Cugenang, Kab. Cianjur",8.18,4.31,21.3,108.3,25,1,0.1,0,0,14.17,180.41,0,16,62.15,-500,1333,13.7
634,11/5/2021,9:00,OL46,"Cugenang, Kab. Cianjur",8.14,5.69,19.2,36.3,22.6,0,0.1,0,0,4.72,49.55,0,17,21.28,-500,1333,13.7
635,11/5/2021,10:00,OL46,"Cugenang, Kab. Cianjur",8.91,6.08,19.3,23.9,22.7,0,0.1,0,0,3.71,28.13,0,20,16.73,-500,1333,13.7
636,11/5/2021,11:00,OL46,"Cugenang, Kab. Cianjur",8.16,6.1,19.3,21.3,23,0,0.1,0,0,3.34,20.94,0,20,15.05,-500,1334,13.7
637,11/5/2021,12:00,OL46,"Cugenang, Kab. Cianjur",8.34,5.69,19.4,20.3,23.2,0,0.1,0,0,3.22,18.5,0,20,14.53,-500,1334,13.7
638,11/5/2021,13:00,OL46,"Cugenang, Kab. Cianjur",8.56,5.72,19.5,19.6,24,0,0.1,0,0,3.15,19.57,0,19,14.18,-500,1334,13.7
639,11/5/2021,14:00,OL46,"Cugenang, Kab. Cianjur",8.45,5.54,19.3,20.7,25.2,0,0.1,0,0,3.24,23.01,0,18,14.62,-500,1335,13.7
640,11/5/2021,15:00,OL46,"Cugenang, Kab. Cianjur",8.16,5.58,19.5,20.5,26,0,0.1,0,0,3.28,22.82,0,19,14.8,-500,1335,13.7
641,11/5/2021,16:00,OL46,"Cugenang, Kab. Cianjur",8.13,5.58,19.5,20,26.4,0,0.1,0,0,3.19,22.22,0,20,14.36,-500,1335,13.7
642,11/5/2021,17:00,OL46,"Cugenang, Kab. Cianjur",7.67,5.51,19.8,19.4,26.4,0,0.1,0,0,3.01,16.47,0,20,13.57,-500,1336,13.7
643,11/5/2021,18:00,OL46,"Cugenang, Kab. Cianjur",7.87,5.49,20.1,17.8,26.2,0,0.1,0,0,2.85,13.62,0,20,12.85,-500,1336,13.7
644,11/5/2021,19:00,OL46,"Cugenang, Kab. Cianjur",9.9,5.47,20.4,17,25.9,1,0.1,0,0,2.72,12.56,0,20,12.25,-500,1336,13.65
645,11/5/2021,20:00,OL46,"Cugenang, Kab. Cianjur",9.53,5.52,20.6,15.3,25.5,1,0.1,0,0,2.65,10.56,0,23,11.92,-500,1337,13.6
646,11/5/2021,21:00,OL46,"Cugenang, Kab. Cianjur",9.89,5.38,20.8,15.4,25.1,1,0.1,0,0,2.53,10.22,0,23,11.42,-500,1337,13.6
647,11/5/2021,22:00,OL46,"Cugenang, Kab. Cianjur",8.94,5.46,20.9,15.9,24.9,1,0.1,0,0,2.5,9.23,0,20,11.27,-500,1337,13.55
648,11/5/2021,23:00,OL46,"Cugenang, Kab. Cianjur",8.78,5.7,21.2,20.7,24.5,1,0.1,0,0,3.08,19.29,0,17,13.88,-500,1338,13.55
649,11/6/2021,0:00,OL46,"Cugenang, Kab. Cianjur",8.47,5.79,20.8,41.7,24.2,1,0.1,0,0,5.06,60.14,0,21,22.8,-500,1338,13.5
650,11/6/2021,1:00,OL46,"Cugenang, Kab. Cianjur",8.65,5.94,20.5,46.6,24,1,0.1,0,0,5.7,69,0,18,25.7,-500,1338,13.5
651,11/6/2021,2:00,OL46,"Cugenang, Kab. Cianjur",9.06,5.96,20.4,47.1,23.8,1,0.1,0,0,5.69,66.78,0,18,25.65,-500,1339,13.5
652,11/6/2021,3:00,OL46,"Cugenang, Kab. Cianjur",9.24,6,20.3,47.5,23.6,0,0.1,0,0,5.71,65.78,0,19,25.74,-500,1339,13.45
653,11/6/2021,4:00,OL46,"Cugenang, Kab. Cianjur",8.86,5.83,20.5,36.3,23.4,1,0.1,0,0,4.52,46.73,0,20,20.38,-500,1339,13.45
654,11/6/2021,5:00,OL46,"Cugenang, Kab. Cianjur",8.85,5.89,20.7,29.5,23.3,1,0.1,0,0,3.71,28.52,0,19,16.72,-500,1340,13.39
655,11/6/2021,6:00,OL46,"Cugenang, Kab. Cianjur",8.48,5.68,20.9,25.6,23.1,1,0.1,0,0,3.06,20.24,0,19,13.79,-500,1340,13.45
656,11/6/2021,7:00,OL46,"Cugenang, Kab. Cianjur",8.66,5.53,21.1,22.1,22.9,1,0.1,0,0,2.79,12.12,0,21,12.56,-500,1340,13.7
657,11/6/2021,8:00,OL46,"Cugenang, Kab. Cianjur",8.4,5.44,21.2,20.9,23,1,0.1,0,0,2.59,9.78,0,22,11.68,-500,1341,13.7
658,11/6/2021,9:00,OL46,"Cugenang, Kab. Cianjur",8.85,5.55,21.3,20.5,23.3,1,0.1,0,0,2.51,10.05,0,22,11.29,-500,1341,13.7
659,11/6/2021,10:00,OL46,"Cugenang, Kab. Cianjur",9.61,5.36,21.3,21.2,24,1,0.1,0,0,2.49,9.97,0,18,11.22,-500,1341,13.7
660,11/6/2021,11:00,OL46,"Cugenang, Kab. Cianjur",8.56,4.99,21.2,22,25.1,1,0.1,0,0,2.49,11.81,0,21,11.24,-500,1342,13.7
661,11/6/2021,12:00,OL46,"Cugenang, Kab. Cianjur",8.36,5.21,21.2,24.7,25.7,1,0.1,0,0,3.1,19.31,0,20,13.96,-500,1342,13.7
662,11/6/2021,13:00,OL46,"Cugenang, Kab. Cianjur",8.44,5.39,21.2,29.2,25.9,1,0.1,0,0,3.31,26.34,0,21,14.93,-500,1342,13.7
663,11/6/2021,14:00,OL46,"Cugenang, Kab. Cianjur",8.17,5.52,21.2,30.2,26.6,1,0.1,0,0,3.46,29.56,0,18,15.57,-500,1343,13.7
664,11/6/2021,15:00,OL46,"Cugenang, Kab. Cianjur",8.01,5.28,21.4,28,26.7,1,0.1,0,0,3.39,24.09,0,21,15.26,-500,1343,13.7
665,11/6/2021,16:00,OL46,"Cugenang, Kab. Cianjur",7.91,5.14,21.6,23.4,26.5,1,0.1,0,0,2.75,14.67,0,15,12.37,-500,1343,13.7
666,11/6/2021,17:00,OL46,"Cugenang, Kab. Cianjur",8.58,4.87,21.9,23,26.2,1,0.1,0,0,2.76,13.39,0,16,12.45,-500,1344,13.7
667,11/6/2021,18:00,OL46,"Cugenang, Kab. Cianjur",7.75,4.96,22.1,24.1,25.9,1,0.1,0,0,2.89,15.12,0,16,13.04,-500,1344,13.65
668,11/6/2021,19:00,OL46,"Cugenang, Kab. Cianjur",8.88,5.07,22.2,22.6,25.6,1,0.1,0,0,2.73,13.21,0,21,12.3,-500,1344,13.65
669,11/6/2021,20:00,OL46,"Cugenang, Kab. Cianjur",9.32,5.31,22.3,22.4,25.4,1,0.1,0,0,2.52,9.39,0,13,11.33,-500,1345,13.6
670,11/6/2021,21:00,OL46,"Cugenang, Kab. Cianjur",8.87,5.45,22.4,26,25.1,1,0.1,0,0,2.97,17.71,0,13,13.4,-500,1345,13.55
671,11/6/2021,22:00,OL46,"Cugenang, Kab. Cianjur",8.92,5.44,21.5,38.7,24.7,1,0.1,0,0,4.31,47.07,0,20,19.44,-500,1345,13.55
672,11/6/2021,23:00,OL46,"Cugenang, Kab. Cianjur",8.64,5.69,19.9,93.3,24.3,0,0.1,0,0,9.36,139.56,0,20,41.98,-500,1346,13.55
673,11/7/2021,0:00,OL46,"Cugenang, Kab. Cianjur",8.71,5.86,20.2,97.3,23.9,0,0.1,0,0,10.01,154.52,0,21,44.72,-500,1346,13.5
674,11/7/2021,1:00,OL46,"Cugenang, Kab. Cianjur",9,5.72,21.3,76.7,23.7,1,0.1,0,0,8.43,116.48,0,21,38,-500,1346,13.5
675,11/7/2021,2:00,OL46,"Cugenang, Kab. Cianjur",8.92,5.72,20.9,65.7,23.6,1,0.1,0,0,7.8,94.83,0,21,35.13,-500,1347,13.45
676,11/7/2021,3:00,OL46,"Cugenang, Kab. Cianjur",8.65,5.71,20.5,53.2,23.5,1,0.1,0,0,6.92,71.74,0,16,31.16,-500,1347,13.45
677,11/7/2021,4:00,OL46,"Cugenang, Kab. Cianjur",8.48,5.86,20.1,47.1,23.4,0,0.1,0,0,5.9,54.16,0,11,26.57,-500,1347,13.39
678,11/7/2021,5:00,OL46,"Cugenang, Kab. Cianjur",8.52,5.69,20.1,38.7,23.3,0,0.1,0,0,5.03,37.62,0,15,22.64,-500,1348,13.39
679,11/7/2021,6:00,OL46,"Cugenang, Kab. Cianjur",8.62,5.73,20.3,34.4,23.2,0,0.1,0,0,4.21,27.64,0,16,18.96,-500,1348,13.45
680,11/7/2021,7:00,OL46,"Cugenang, Kab. Cianjur",9.04,5.65,20.6,31.2,23.1,1,0.1,0,0,3.63,22.3,0,20,16.37,-500,1348,13.7
681,11/7/2021,8:00,OL46,"Cugenang, Kab. Cianjur",8.19,5.59,20.8,29.6,23.2,1,0.1,0,0,3.26,17.45,0,20,14.71,-500,1349,13.7
682,11/7/2021,9:00,OL46,"Cugenang, Kab. Cianjur",8.45,5.44,21.1,28.7,23.4,1,0.1,0,0,3.01,14.63,0,19,13.54,-500,1349,13.7
683,11/7/2021,10:00,OL46,"Cugenang, Kab. Cianjur",8.39,5.43,21.3,30.2,24,1,0.1,0,0,3.42,22.95,0,20,15.41,-500,1349,13.7
684,11/7/2021,11:00,OL46,"Cugenang, Kab. Cianjur",8.69,5.37,21.2,30.3,24.2,1,0.1,0,0,3.42,22.84,0,22,15.39,-500,1350,13.7
685,11/7/2021,12:00,OL46,"Cugenang, Kab. Cianjur",9.35,5.64,21.3,26.3,24.5,1,0.1,0,0,2.99,14.79,0,19,13.49,-500,1350,13.7
686,11/7/2021,13:00,OL46,"Cugenang, Kab. Cianjur",8.71,5.42,21.4,26.7,24.8,1,0.1,0,0,2.74,11.56,0,15,12.37,-500,1350,13.7
687,11/7/2021,14:00,OL46,"Cugenang, Kab. Cianjur",8.61,5.44,21.6,25.1,25.1,1,0.1,0,0,2.57,8.41,0,23,11.6,-500,1351,13.7
688,11/7/2021,15:00,OL46,"Cugenang, Kab. Cianjur",8.03,4.48,21.6,25.3,25.2,1,0.1,0,0,2.56,8.78,0,20,11.52,-500,1351,13.7
689,11/7/2021,16:00,OL46,"Cugenang, Kab. Cianjur",9.17,5.35,21.6,32.6,25.1,1,0.1,0,0,3.44,26.65,0,19,15.48,-500,1351,13.7
690,11/7/2021,17:00,OL46,"Cugenang, Kab. Cianjur",8.94,5.52,21,62.6,24.7,1,0.1,0,0,6.11,72.42,0,20,27.52,-500,1352,13.65
691,11/7/2021,18:00,OL46,"Cugenang, Kab. Cianjur",8.35,5.69,19.5,158.6,24.2,0,0.1,0,0,14.38,246.55,0,18,63.05,-500,1352,13.65
692,11/7/2021,19:00,OL46,"Cugenang, Kab. Cianjur",8.33,5.64,16.7,237.3,23.8,0,0.1,0,0,22.24,371.38,0,18,96.15,-500,1352,13.6
693,11/7/2021,20:00,OL46,"Cugenang, Kab. Cianjur",8.23,5.72,15.3,286.4,23.5,0,0.1,0,0,24.47,433.77,0,12,108.22,-500,1353,13.55
694,11/7/2021,21:00,OL46,"Cugenang, Kab. Cianjur",8.19,5.67,15.1,238,23.4,0,0.1,0,0,22.65,349.25,0,14,98.36,-500,1353,13.55
695,11/7/2021,22:00,OL46,"Cugenang, Kab. Cianjur",8.18,5.53,15.4,177,23.3,0,0.1,0,0,19.09,258.83,0,21,82.8,-500,1353,13.55
696,11/7/2021,23:00,OL46,"Cugenang, Kab. Cianjur",8.55,5.62,15.8,133.9,23.1,0,0.1,0,0,15.13,187.05,0,23,66.2,-500,1354,13.5
697,11/8/2021,0:00,OL46,"Cugenang, Kab. Cianjur",8.9,5.78,16.4,112.6,22.9,0,0.1,0,0,12.09,135.1,0,22,53.43,-500,1354,13.45
698,11/8/2021,1:00,OL46,"Cugenang, Kab. Cianjur",8.05,5.81,17,86.7,22.7,0,0.1,0,0,9.73,96.11,0,21,43.55,-500,1354,13.45
699,11/8/2021,2:00,OL46,"Cugenang, Kab. Cianjur",8.7,5.81,17.5,71.4,22.6,0,0.1,0,0,7.88,68.83,0,21,35.49,-500,1355,13.39
700,11/8/2021,3:00,OL46,"Cugenang, Kab. Cianjur",8.57,5.84,18.1,63.6,22.4,0,0.1,0,0,6.2,49.93,0,20,27.94,-500,1355,13.39
701,11/8/2021,4:00,OL46,"Cugenang, Kab. Cianjur",8.84,5.67,18.5,52.1,22.3,0,0.1,0,0,5.12,35.28,0,17,23.08,-500,1355,13.39
702,11/8/2021,5:00,OL46,"Cugenang, Kab. Cianjur",8.57,5.77,19,47.9,22.1,0,0.1,0,0,4.34,25.52,0,16,19.55,-500,1356,13.34
703,11/8/2021,6:00,OL46,"Cugenang, Kab. Cianjur",8.77,5.73,19.4,44.3,21.9,0,0.1,0,0,3.83,18.12,0,18,17.25,-500,1356,13.45
704,11/8/2021,7:00,OL46,"Cugenang, Kab. Cianjur",8.16,5.83,19.7,41.8,21.8,0,0.1,0,0,3.44,15.7,0,21,15.5,-500,1356,13.7
705,11/8/2021,8:00,OL46,"Cugenang, Kab. Cianjur",8.08,6.6,0.1,11.4,22.6,0,0,0,0,0.18,62.49,0,23,0.79,-500,1357,13.7
706,11/8/2021,9:00,OL46,"Cugenang, Kab. Cianjur",8.15,6.51,0,11.6,23.2,0,0,0,0,0,205.09,0,22,0,-500,1357,13.7
707,11/8/2021,10:00,OL46,"Cugenang, Kab. Cianjur",7.26,6.32,0,0,24.8,0,0,0,0,2.89,11.89,0,21,13.02,-500,1357,13.7
708,11/8/2021,11:00,OL46,"Cugenang, Kab. Cianjur",8.29,6.05,20.1,13.3,23.6,0,0.1,0,3.98,2.8,10.94,0,17,12.63,-500,1358,13.7
709,11/8/2021,12:00,OL46,"Cugenang, Kab. Cianjur",8.34,5.52,20.1,12.4,25,0,0.1,0,4.29,2.73,12.48,0,22,12.28,-500,1358,13.7
710,11/8/2021,13:00,OL46,"Cugenang, Kab. Cianjur",8.19,5.87,20.1,14.1,25.9,0,0.1,0,11.4,2.98,18.33,0,21,13.42,-500,1358,13.7
711,11/8/2021,14:00,OL46,"Cugenang, Kab. Cianjur",8.19,5.84,20.2,13.3,26.9,1,0.1,0,40.6,2.82,16.51,0,22,12.72,-500,1359,13.7
712,11/8/2021,15:00,OL46,"Cugenang, Kab. Cianjur",8.21,5.75,20.3,13.2,27.3,1,0.1,0,93.1,2.75,13.95,0,21,12.38,-500,1359,13.7
713,11/8/2021,16:00,OL46,"Cugenang, Kab. Cianjur",8.29,5.64,20.6,13.3,27.2,1,0.1,0,130.2,2.71,13.54,0,17,12.19,-500,1359,13.7
714,11/8/2021,17:00,OL46,"Cugenang, Kab. Cianjur",8.4,5.53,20.9,11.2,26.9,1,0.1,0,146.8,2.59,11.84,0,15,11.66,-500,1360,13.7
715,11/8/2021,18:00,OL46,"Cugenang, Kab. Cianjur",8.48,5.61,21.1,10,26.5,1,0.1,0,148.2,2.54,8.49,0,21,11.45,-500,1360,13.7
716,11/8/2021,19:00,OL46,"Cugenang, Kab. Cianjur",8.12,5.62,21.2,9.9,26.1,1,0.1,0,150.2,2.49,7.29,0,15,11.22,-500,1360,13.65
717,11/8/2021,20:00,OL46,"Cugenang, Kab. Cianjur",8.65,5.48,21.4,9.2,25.7,1,0.1,0,150.2,2.47,5.46,0,14,11.13,-500,1361,13.6
718,11/8/2021,21:00,OL46,"Cugenang, Kab. Cianjur",8.09,5.47,21.6,10,25.3,1,0.1,0,141.1,2.43,4.96,0,13,10.96,-500,1361,13.6
719,11/8/2021,22:00,OL46,"Cugenang, Kab. Cianjur",8.33,5.66,21.8,9.3,24.9,1,0.1,0,139.7,2.29,4.11,0,14,10.32,-500,1361,13.55
720,11/8/2021,23:00,OL46,"Cugenang, Kab. Cianjur",8.05,5.68,21.9,9.2,24.6,1,0.1,0,134.4,2.22,2.76,0,23,10,-500,1362,13.55
721,11/9/2021,0:00,OL46,"Cugenang, Kab. Cianjur",8.45,5.69,22.1,9.4,24.3,1,0.1,0,157.2,2.16,2.01,0,18,9.75,-500,1362,13.55
722,11/9/2021,1:00,OL46,"Cugenang, Kab. Cianjur",8.28,5.7,22.2,8.5,24.2,1,0.1,0,152.7,2.08,0.58,0,14,9.39,-500,1362,13.5
723,11/9/2021,2:00,OL46,"Cugenang, Kab. Cianjur",8.02,5.74,22.3,8.7,23.9,1,0.1,0,152.9,1.97,0,0,16,8.88,-500,1363,13.5
724,11/9/2021,3:00,OL46,"Cugenang, Kab. Cianjur",8.2,5.66,22.3,7.9,23.7,1,0.1,0,160.7,1.87,0,0,15,8.43,-500,1363,13.45
725,11/9/2021,4:00,OL46,"Cugenang, Kab. Cianjur",8.42,5.56,22.5,8.1,23.5,1,0.1,0,163.6,1.85,0,0,19,8.31,-500,1363,13.45
726,11/9/2021,5:00,OL46,"Cugenang, Kab. Cianjur",8.83,5.72,22.5,8.1,23.3,1,0.1,0,161.1,1.82,0,0,19,8.19,-500,1364,13.39
727,11/9/2021,6:00,OL46,"Cugenang, Kab. Cianjur",8.65,5.72,22.6,8,23.1,1,0.1,0,151.2,1.76,0,0,20,7.94,-500,1364,13.5
728,11/9/2021,7:00,OL46,"Cugenang, Kab. Cianjur",8.66,5.69,22.7,8.7,22.9,1,0.1,0,158.3,1.71,0,0,16,7.71,-500,1364,13.7
,,,,,,,,,,,,,,,,,,,,,
,,,,,,,,,,,,,,,,,,,,,
,,,,,,,,,,,,,,,,,,,,,
,,,,,,,,,,,,,,,,,,,,,
,,,,,,,,,,,,,,,,,,,,,
